Gene	AAA	AAC	AAG	AAT	ACA	ACC	ACG	ACT	AGA	AGC	AGG	AGT	ATA	ATC	ATG	ATT	CAA	CAC	CAG	CAT	CCA	CCC	CCG	CCT	CGA	CGC	CGG	CGT	CTA	CTC	CTG	CTT	GAA	GAC	GAG	GAT	GCA	GCC	GCG	GCT	GGA	GGC	GGG	GGT	GTA	GTC	GTG	GTT	TAA	TAC	TAG	TAT	TCA	TCC	TCG	TCT	TGA	TGC	TGG	TGT	TTA	TTC	TTG	TTT
ENSG00000143632	5.0	10.0	14.0	2.0	1.0	22.0	3.0	1.0	1.0	4.0	3.0	0.0	0.0	28.0	17.0	2.0	0.0	9.0	11.0	0.0	1.0	9.0	5.0	4.0	1.0	12.0	0.0	1.0	0.0	7.0	18.0	1.0	2.0	18.0	26.0	4.0	1.0	19.0	5.0	4.0	0.0	20.0	4.0	4.0	0.0	6.0	15.0	0.0	0.0	14.0	1.0	2.0	0.0	15.0	4.0	0.0	0.0	5.0	4.0	1.0	0.0	11.0	0.0	1.0
ENSG00000104879	5.0	15.0	30.0	2.0	3.0	5.0	3.0	6.0	0.0	8.0	1.0	0.0	0.0	11.0	11.0	2.0	0.0	13.0	11.0	3.0	5.0	10.0	1.0	3.0	0.0	9.0	4.0	4.0	0.0	13.0	21.0	1.0	8.0	19.0	21.0	7.0	0.0	6.0	2.0	5.0	3.0	18.0	5.0	7.0	5.0	3.0	20.0	2.0	0.0	10.0	1.0	0.0	2.0	8.0	2.0	2.0	0.0	4.0	4.0	0.0	0.0	13.0	2.0	3.0
ENSG00000198125	0.0	3.0	20.0	0.0	0.0	3.0	0.0	1.0	0.0	2.0	1.0	0.0	0.0	7.0	4.0	1.0	0.0	3.0	7.0	6.0	2.0	3.0	0.0	0.0	0.0	0.0	1.0	0.0	0.0	4.0	10.0	1.0	3.0	7.0	11.0	1.0	2.0	7.0	1.0	2.0	0.0	4.0	7.0	4.0	0.0	2.0	4.0	1.0	0.0	2.0	1.0	0.0	1.0	1.0	2.0	1.0	0.0	1.0	2.0	0.0	1.0	4.0	1.0	3.0
ENSG00000198467	9.0	8.0	28.0	0.0	2.0	7.0	0.0	1.0	1.0	1.0	3.0	2.0	0.0	7.0	7.0	3.0	1.0	2.0	16.0	0.0	0.0	0.0	0.0	0.0	1.0	7.0	2.0	0.0	2.0	2.0	23.0	0.0	11.0	11.0	51.0	8.0	3.0	21.0	2.0	7.0	2.0	0.0	2.0	0.0	0.0	2.0	7.0	2.0	0.0	0.0	0.0	4.0	1.0	4.0	1.0	2.0	1.0	1.0	0.0	1.0	0.0	0.0	5.0	1.0
ENSG00000101470	3.0	2.0	6.0	1.0	1.0	2.0	3.0	0.0	0.0	4.0	4.0	0.0	0.0	8.0	11.0	2.0	0.0	1.0	5.0	0.0	0.0	1.0	1.0	0.0	0.0	3.0	0.0	0.0	0.0	1.0	6.0	0.0	2.0	16.0	24.0	3.0	1.0	5.0	1.0	5.0	0.0	8.0	3.0	2.0	0.0	2.0	5.0	0.0	1.0	2.0	0.0	0.0	0.0	2.0	0.0	1.0	0.0	1.0	0.0	0.0	0.0	8.0	2.0	2.0
ENSG00000111245	5.0	9.0	11.0	1.0	1.0	5.0	1.0	3.0	2.0	0.0	2.0	0.0	0.0	5.0	7.0	4.0	1.0	2.0	5.0	0.0	1.0	1.0	1.0	4.0	1.0	0.0	1.0	0.0	0.0	2.0	4.0	2.0	9.0	9.0	8.0	4.0	3.0	6.0	2.0	3.0	2.0	4.0	4.0	1.0	0.0	0.0	8.0	2.0	0.0	2.0	1.0	0.0	0.0	3.0	0.0	0.0	0.0	0.0	0.0	0.0	0.0	8.0	1.0	6.0
ENSG00000111640	6.0	12.0	17.0	3.0	1.0	12.0	0.0	7.0	0.0	4.0	2.0	0.0	0.0	16.0	9.0	2.0	1.0	4.0	6.0	6.0	0.0	8.0	0.0	3.0	1.0	1.0	0.0	3.0	1.0	8.0	5.0	1.0	3.0	10.0	10.0	7.0	1.0	15.0	1.0	11.0	3.0	15.0	7.0	2.0	0.0	12.0	13.0	1.0	1.0	4.0	0.0	4.0	1.0	10.0	1.0	4.0	0.0	3.0	3.0	0.0	1.0	7.0	1.0	4.0
ENSG00000149925	1.0	9.0	25.0	5.0	5.0	12.0	0.0	5.0	0.0	4.0	0.0	3.0	0.0	13.0	4.0	7.0	4.0	5.0	13.0	4.0	2.0	12.0	2.0	3.0	2.0	8.0	2.0	3.0	0.0	6.0	24.0	1.0	3.0	9.0	21.0	5.0	4.0	20.0	5.0	13.0	3.0	13.0	11.0	3.0	1.0	8.0	10.0	3.0	1.0	8.0	0.0	5.0	1.0	6.0	0.0	6.0	0.0	5.0	3.0	3.0	0.0	7.0	3.0	1.0
ENSG00000133112	9.0	4.0	6.0	5.0	5.0	2.0	0.0	1.0	4.0	2.0	1.0	2.0	1.0	10.0	10.0	6.0	1.0	3.0	3.0	2.0	3.0	3.0	0.0	1.0	0.0	0.0	3.0	1.0	1.0	2.0	3.0	3.0	14.0	5.0	6.0	8.0	2.0	2.0	1.0	5.0	2.0	3.0	4.0	7.0	2.0	3.0	2.0	1.0	0.0	7.0	1.0	1.0	1.0	2.0	1.0	1.0	0.0	2.0	2.0	2.0	1.0	6.0	4.0	3.0
ENSG00000168530	8.0	4.0	11.0	6.0	3.0	4.0	0.0	0.0	1.0	2.0	1.0	0.0	0.0	5.0	7.0	4.0	3.0	1.0	4.0	1.0	3.0	3.0	2.0	5.0	1.0	1.0	0.0	1.0	1.0	3.0	8.0	1.0	15.0	7.0	7.0	3.0	7.0	11.0	2.0	6.0	1.0	4.0	0.0	6.0	0.0	6.0	3.0	3.0	0.0	1.0	0.0	1.0	0.0	3.0	0.0	3.0	1.0	1.0	0.0	0.0	1.0	2.0	0.0	7.0
ENSG00000105048	6.0	3.0	26.0	0.0	1.0	1.0	1.0	1.0	2.0	2.0	1.0	0.0	0.0	8.0	7.0	2.0	1.0	3.0	14.0	2.0	4.0	3.0	4.0	3.0	0.0	13.0	8.0	3.0	0.0	3.0	13.0	0.0	14.0	8.0	40.0	4.0	4.0	8.0	3.0	2.0	1.0	4.0	6.0	1.0	1.0	1.0	6.0	3.0	0.0	3.0	0.0	2.0	1.0	2.0	2.0	1.0	1.0	0.0	2.0	0.0	0.0	5.0	2.0	1.0
ENSG00000114854	4.0	3.0	9.0	2.0	2.0	3.0	2.0	0.0	0.0	3.0	1.0	0.0	1.0	8.0	11.0	0.0	0.0	0.0	5.0	0.0	0.0	1.0	0.0	1.0	0.0	2.0	1.0	0.0	0.0	2.0	11.0	0.0	1.0	16.0	22.0	7.0	1.0	1.0	1.0	4.0	1.0	9.0	1.0	1.0	1.0	1.0	5.0	1.0	0.0	2.0	1.0	1.0	0.0	0.0	0.0	2.0	0.0	2.0	0.0	0.0	0.0	7.0	0.0	2.0
ENSG00000180209	2.0	5.0	14.0	2.0	1.0	6.0	2.0	2.0	1.0	3.0	2.0	0.0	1.0	8.0	7.0	1.0	0.0	1.0	7.0	0.0	0.0	4.0	0.0	2.0	0.0	2.0	1.0	1.0	0.0	2.0	4.0	1.0	1.0	12.0	14.0	3.0	2.0	9.0	1.0	0.0	3.0	6.0	1.0	3.0	1.0	5.0	4.0	0.0	0.0	2.0	1.0	0.0	0.0	3.0	0.0	0.0	0.0	1.0	1.0	1.0	0.0	12.0	2.0	0.0
ENSG00000175084	1.0	17.0	21.0	3.0	2.0	13.0	6.0	4.0	1.0	6.0	3.0	4.0	0.0	11.0	10.0	7.0	1.0	2.0	31.0	4.0	2.0	3.0	4.0	1.0	5.0	20.0	13.0	1.0	1.0	16.0	26.0	2.0	12.0	18.0	45.0	5.0	4.0	24.0	9.0	7.0	1.0	12.0	6.0	2.0	0.0	6.0	20.0	0.0	1.0	13.0	0.0	1.0	2.0	11.0	7.0	6.0	0.0	1.0	1.0	0.0	0.0	10.0	4.0	2.0
ENSG00000173991	0.0	1.0	5.0	0.0	4.0	6.0	0.0	0.0	2.0	2.0	0.0	0.0	0.0	4.0	6.0	0.0	0.0	1.0	16.0	2.0	0.0	7.0	1.0	3.0	0.0	5.0	4.0	3.0	0.0	1.0	16.0	2.0	2.0	3.0	19.0	1.0	3.0	4.0	1.0	2.0	0.0	6.0	2.0	2.0	1.0	1.0	7.0	0.0	0.0	3.0	0.0	0.0	1.0	6.0	2.0	0.0	1.0	3.0	3.0	2.0	0.0	2.0	0.0	0.0
ENSG00000108515	5.0	13.0	26.0	6.0	3.0	4.0	4.0	4.0	1.0	3.0	3.0	1.0	1.0	19.0	8.0	5.0	1.0	6.0	10.0	1.0	3.0	8.0	1.0	4.0	2.0	7.0	2.0	2.0	1.0	8.0	17.0	3.0	6.0	14.0	17.0	9.0	8.0	23.0	3.0	11.0	7.0	11.0	16.0	4.0	0.0	6.0	20.0	1.0	0.0	6.0	0.0	5.0	0.0	7.0	5.0	3.0	1.0	4.0	3.0	2.0	0.0	10.0	3.0	5.0
ENSG00000092054	28.0	67.0	173.0	23.0	14.0	46.0	9.0	16.0	6.0	25.0	21.0	2.0	3.0	64.0	53.0	22.0	11.0	27.0	112.0	7.0	6.0	11.0	4.0	12.0	6.0	37.0	38.0	7.0	4.0	38.0	156.0	4.0	25.0	72.0	229.0	32.0	27.0	97.0	15.0	29.0	11.0	37.0	19.0	5.0	4.0	25.0	50.0	4.0	0.0	25.0	1.0	15.0	7.0	43.0	11.0	8.0	0.0	11.0	10.0	3.0	0.0	40.0	12.0	17.0
ENSG00000130595	10.0	4.0	29.0	1.0	1.0	2.0	0.0	1.0	8.0	4.0	6.0	0.0	0.0	6.0	6.0	3.0	1.0	3.0	14.0	0.0	2.0	1.0	2.0	1.0	0.0	5.0	3.0	3.0	1.0	6.0	11.0	1.0	14.0	12.0	32.0	3.0	3.0	12.0	2.0	6.0	1.0	3.0	4.0	1.0	0.0	3.0	3.0	2.0	0.0	3.0	1.0	1.0	0.0	1.0	0.0	2.0	0.0	0.0	2.0	0.0	0.0	3.0	0.0	2.0
ENSG00000125414	77.0	47.0	132.0	28.0	21.0	36.0	12.0	29.0	20.0	14.0	35.0	18.0	6.0	58.0	46.0	40.0	32.0	19.0	99.0	17.0	5.0	14.0	1.0	10.0	8.0	19.0	16.0	8.0	14.0	33.0	102.0	29.0	101.0	46.0	164.0	47.0	33.0	81.0	6.0	52.0	17.0	20.0	21.0	19.0	7.0	23.0	39.0	15.0	0.0	21.0	0.0	17.0	10.0	24.0	1.0	25.0	1.0	6.0	9.0	12.0	5.0	35.0	17.0	23.0
ENSG00000140416	14.0	3.0	22.0	0.0	1.0	3.0	0.0	3.0	4.0	4.0	2.0	2.0	1.0	6.0	9.0	5.0	5.0	2.0	12.0	0.0	0.0	0.0	0.0	0.0	3.0	2.0	2.0	4.0	0.0	5.0	19.0	1.0	19.0	13.0	34.0	13.0	7.0	12.0	4.0	13.0	0.0	3.0	0.0	0.0	2.0	4.0	2.0	1.0	1.0	4.0	0.0	2.0	3.0	2.0	1.0	2.0	0.0	0.0	0.0	0.0	3.0	0.0	5.0	1.0
ENSG00000159173	3.0	3.0	21.0	0.0	1.0	3.0	1.0	1.0	1.0	1.0	2.0	1.0	0.0	2.0	8.0	2.0	1.0	4.0	3.0	0.0	0.0	3.0	3.0	1.0	2.0	5.0	5.0	4.0	0.0	6.0	15.0	0.0	4.0	7.0	18.0	3.0	1.0	12.0	0.0	2.0	0.0	4.0	1.0	1.0	0.0	3.0	10.0	0.0	0.0	2.0	1.0	0.0	1.0	4.0	1.0	3.0	0.0	3.0	2.0	0.0	0.0	1.0	1.0	1.0
ENSG00000022267	7.0	10.0	30.0	2.0	1.0	10.0	0.0	5.0	1.0	2.0	1.0	2.0	0.0	6.0	2.0	1.0	5.0	10.0	6.0	5.0	0.0	8.0	0.0	1.0	0.0	4.0	1.0	1.0	0.0	0.0	5.0	1.0	2.0	11.0	9.0	6.0	1.0	12.0	2.0	4.0	6.0	3.0	7.0	3.0	0.0	2.0	17.0	2.0	1.0	8.0	0.0	5.0	1.0	7.0	0.0	2.0	0.0	26.0	4.0	8.0	0.0	11.0	2.0	8.0
ENSG00000196091	53.0	18.0	53.0	26.0	24.0	19.0	3.0	29.0	19.0	15.0	12.0	15.0	15.0	37.0	21.0	33.0	14.0	11.0	23.0	4.0	28.0	17.0	2.0	31.0	4.0	9.0	4.0	5.0	5.0	10.0	28.0	13.0	52.0	27.0	49.0	47.0	28.0	27.0	2.0	23.0	33.0	12.0	9.0	20.0	8.0	18.0	38.0	20.0	1.0	16.0	0.0	24.0	8.0	7.0	0.0	17.0	0.0	10.0	18.0	9.0	4.0	14.0	9.0	24.0
ENSG00000183091	506.0	177.0	512.0	226.0	121.0	137.0	33.0	121.0	103.0	142.0	74.0	181.0	62.0	196.0	234.0	202.0	144.0	140.0	279.0	115.0	127.0	75.0	29.0	115.0	35.0	61.0	42.0	40.0	39.0	101.0	245.0	77.0	284.0	330.0	239.0	328.0	149.0	300.0	12.0	172.0	67.0	120.0	38.0	59.0	45.0	138.0	206.0	113.0	0.0	284.0	1.0	226.0	57.0	77.0	23.0	69.0	0.0	45.0	133.0	23.0	48.0	76.0	112.0	61.0
ENSG00000143549	9.0	4.0	16.0	2.0	3.0	6.0	0.0	2.0	2.0	0.0	4.0	1.0	0.0	7.0	5.0	5.0	4.0	2.0	11.0	0.0	0.0	0.0	0.0	0.0	3.0	4.0	3.0	4.0	0.0	6.0	15.0	3.0	24.0	5.0	30.0	9.0	6.0	6.0	2.0	14.0	2.0	0.0	1.0	1.0	1.0	1.0	4.0	4.0	0.0	1.0	1.0	2.0	0.0	1.0	1.0	4.0	0.0	1.0	0.0	2.0	1.0	0.0	3.0	1.0
ENSG00000068976	12.0	29.0	34.0	12.0	4.0	17.0	7.0	4.0	4.0	3.0	4.0	3.0	1.0	35.0	19.0	10.0	3.0	16.0	24.0	7.0	6.0	17.0	4.0	8.0	4.0	23.0	19.0	5.0	2.0	20.0	35.0	3.0	10.0	32.0	42.0	16.0	9.0	30.0	7.0	10.0	2.0	18.0	13.0	4.0	3.0	15.0	39.0	2.0	0.0	20.0	0.0	7.0	4.0	10.0	2.0	6.0	1.0	4.0	12.0	2.0	0.0	30.0	4.0	7.0
ENSG00000196296	5.0	26.0	42.0	7.0	9.0	33.0	7.0	7.0	4.0	5.0	2.0	1.0	1.0	47.0	28.0	13.0	2.0	6.0	18.0	2.0	10.0	17.0	5.0	9.0	9.0	11.0	16.0	4.0	3.0	21.0	45.0	3.0	8.0	40.0	47.0	9.0	9.0	47.0	1.0	20.0	4.0	31.0	19.0	8.0	5.0	26.0	40.0	5.0	1.0	13.0	0.0	7.0	2.0	27.0	4.0	9.0	0.0	16.0	10.0	6.0	0.0	24.0	8.0	6.0
ENSG00000170290	0.0	2.0	0.0	0.0	0.0	1.0	1.0	1.0	0.0	0.0	1.0	0.0	1.0	0.0	2.0	3.0	0.0	0.0	1.0	0.0	0.0	0.0	0.0	0.0	0.0	0.0	1.0	0.0	0.0	2.0	1.0	2.0	0.0	0.0	1.0	0.0	0.0	0.0	0.0	0.0	0.0	0.0	1.0	0.0	0.0	1.0	1.0	1.0	0.0	1.0	0.0	1.0	0.0	1.0	0.0	0.0	1.0	0.0	1.0	0.0	0.0	1.0	1.0	1.0
ENSG00000130598	1.0	5.0	22.0	0.0	1.0	1.0	2.0	0.0	0.0	2.0	6.0	1.0	1.0	4.0	10.0	0.0	0.0	4.0	8.0	1.0	1.0	1.0	3.0	0.0	1.0	3.0	6.0	1.0	1.0	2.0	14.0	0.0	2.0	7.0	23.0	4.0	1.0	8.0	3.0	1.0	1.0	5.0	0.0	1.0	0.0	1.0	7.0	0.0	0.0	2.0	1.0	0.0	0.0	3.0	2.0	2.0	0.0	3.0	1.0	0.0	0.0	1.0	0.0	2.0
ENSG00000109061	70.0	45.0	138.0	31.0	30.0	39.0	5.0	27.0	19.0	19.0	35.0	15.0	4.0	62.0	55.0	37.0	41.0	18.0	89.0	19.0	6.0	14.0	0.0	11.0	6.0	23.0	14.0	7.0	17.0	37.0	93.0	23.0	110.0	50.0	151.0	48.0	33.0	72.0	6.0	60.0	14.0	18.0	20.0	20.0	2.0	21.0	42.0	19.0	1.0	20.0	0.0	21.0	10.0	25.0	1.0	24.0	0.0	9.0	9.0	8.0	4.0	34.0	17.0	22.0
ENSG00000177791	8.0	9.0	12.0	2.0	6.0	5.0	1.0	2.0	2.0	7.0	5.0	3.0	0.0	4.0	11.0	5.0	2.0	3.0	13.0	2.0	3.0	9.0	2.0	5.0	2.0	1.0	2.0	0.0	0.0	4.0	14.0	4.0	7.0	6.0	10.0	6.0	4.0	6.0	1.0	6.0	15.0	17.0	9.0	7.0	1.0	2.0	5.0	3.0	0.0	3.0	0.0	7.0	5.0	6.0	1.0	7.0	1.0	0.0	2.0	0.0	0.0	9.0	4.0	2.0
ENSG00000109846	5.0	1.0	5.0	1.0	0.0	4.0	1.0	4.0	0.0	2.0	4.0	1.0	0.0	6.0	2.0	3.0	0.0	6.0	3.0	3.0	4.0	8.0	1.0	4.0	0.0	6.0	3.0	1.0	0.0	5.0	6.0	2.0	4.0	5.0	10.0	6.0	2.0	2.0	0.0	2.0	5.0	1.0	1.0	1.0	1.0	4.0	5.0	1.0	0.0	2.0	1.0	0.0	3.0	6.0	0.0	5.0	0.0	0.0	2.0	0.0	0.0	11.0	2.0	3.0
ENSG00000161281	1.0	3.0	2.0	2.0	1.0	1.0	1.0	1.0	0.0	2.0	1.0	0.0	0.0	4.0	2.0	0.0	0.0	0.0	5.0	0.0	0.0	1.0	1.0	0.0	2.0	3.0	2.0	0.0	0.0	1.0	5.0	2.0	0.0	3.0	2.0	0.0	0.0	3.0	1.0	0.0	0.0	5.0	0.0	0.0	0.0	1.0	3.0	1.0	1.0	4.0	0.0	0.0	0.0	5.0	0.0	0.0	0.0	0.0	1.0	1.0	0.0	3.0	2.0	1.0
ENSG00000156885	1.0	3.0	1.0	1.0	0.0	5.0	1.0	1.0	0.0	3.0	1.0	0.0	0.0	1.0	1.0	0.0	1.0	8.0	0.0	0.0	0.0	8.0	1.0	2.0	0.0	4.0	1.0	3.0	0.0	3.0	8.0	0.0	1.0	1.0	1.0	0.0	1.0	3.0	1.0	3.0	4.0	5.0	1.0	0.0	0.0	0.0	3.0	0.0	0.0	3.0	0.0	1.0	0.0	1.0	1.0	0.0	1.0	1.0	2.0	0.0	0.0	4.0	2.0	0.0
ENSG00000187193	4.0	1.0	4.0	0.0	0.0	1.0	1.0	0.0	0.0	2.0	0.0	0.0	0.0	1.0	1.0	0.0	0.0	0.0	1.0	0.0	0.0	1.0	0.0	2.0	0.0	0.0	0.0	0.0	0.0	0.0	0.0	0.0	0.0	2.0	1.0	0.0	0.0	5.0	0.0	0.0	0.0	4.0	1.0	0.0	0.0	0.0	1.0	1.0	0.0	0.0	0.0	0.0	1.0	5.0	1.0	0.0	1.0	15.0	0.0	5.0	0.0	0.0	0.0	0.0
ENSG00000164879	3.0	7.0	15.0	5.0	2.0	6.0	1.0	3.0	2.0	3.0	3.0	2.0	1.0	4.0	4.0	5.0	0.0	5.0	8.0	7.0	5.0	6.0	3.0	7.0	3.0	2.0	2.0	0.0	0.0	3.0	11.0	6.0	4.0	7.0	11.0	9.0	3.0	6.0	2.0	3.0	3.0	8.0	4.0	3.0	1.0	1.0	9.0	3.0	0.0	4.0	0.0	4.0	2.0	3.0	2.0	7.0	1.0	5.0	8.0	0.0	0.0	7.0	2.0	5.0
ENSG00000160808	1.0	3.0	18.0	3.0	5.0	3.0	1.0	2.0	1.0	1.0	1.0	0.0	0.0	4.0	9.0	3.0	1.0	3.0	6.0	0.0	3.0	7.0	0.0	6.0	0.0	3.0	2.0	1.0	0.0	3.0	9.0	1.0	8.0	7.0	17.0	4.0	5.0	5.0	1.0	5.0	0.0	5.0	5.0	2.0	0.0	5.0	5.0	0.0	1.0	1.0	0.0	2.0	0.0	4.0	0.0	0.0	0.0	1.0	0.0	2.0	0.0	7.0	1.0	3.0
ENSG00000239474	43.0	7.0	9.0	17.0	9.0	4.0	1.0	5.0	6.0	8.0	4.0	6.0	7.0	13.0	11.0	17.0	8.0	1.0	12.0	6.0	5.0	7.0	1.0	12.0	1.0	3.0	2.0	6.0	11.0	11.0	16.0	19.0	29.0	16.0	13.0	33.0	17.0	7.0	2.0	17.0	14.0	4.0	3.0	12.0	11.0	7.0	17.0	10.0	0.0	8.0	0.0	12.0	11.0	5.0	1.0	10.0	1.0	7.0	7.0	7.0	6.0	8.0	6.0	18.0
ENSG00000060138	8.0	6.0	6.0	9.0	0.0	13.0	2.0	6.0	2.0	5.0	3.0	5.0	1.0	1.0	2.0	1.0	3.0	1.0	9.0	2.0	9.0	10.0	8.0	9.0	3.0	7.0	5.0	9.0	0.0	2.0	1.0	2.0	9.0	4.0	13.0	8.0	8.0	21.0	10.0	9.0	15.0	9.0	2.0	6.0	4.0	5.0	4.0	6.0	1.0	8.0	0.0	3.0	1.0	0.0	0.0	2.0	0.0	0.0	1.0	0.0	1.0	1.0	0.0	3.0
ENSG00000254772	9.0	7.0	23.0	8.0	5.0	13.0	3.0	5.0	0.0	8.0	4.0	5.0	1.0	6.0	6.0	4.0	2.0	5.0	20.0	2.0	7.0	9.0	1.0	9.0	5.0	7.0	6.0	0.0	1.0	8.0	17.0	2.0	10.0	7.0	29.0	11.0	7.0	16.0	3.0	16.0	5.0	10.0	4.0	2.0	0.0	7.0	16.0	3.0	0.0	9.0	0.0	5.0	3.0	6.0	0.0	3.0	1.0	3.0	12.0	3.0	0.0	17.0	6.0	16.0
ENSG00000154553	9.0	9.0	6.0	3.0	5.0	3.0	4.0	4.0	5.0	4.0	6.0	2.0	4.0	4.0	5.0	8.0	4.0	7.0	12.0	3.0	5.0	9.0	4.0	9.0	0.0	2.0	6.0	1.0	0.0	10.0	6.0	1.0	7.0	12.0	7.0	8.0	7.0	6.0	6.0	10.0	6.0	11.0	7.0	4.0	2.0	5.0	11.0	1.0	1.0	4.0	0.0	4.0	5.0	3.0	4.0	3.0	0.0	3.0	2.0	5.0	2.0	8.0	1.0	2.0
ENSG00000167996	8.0	6.0	5.0	6.0	1.0	4.0	1.0	1.0	0.0	2.0	1.0	1.0	0.0	5.0	5.0	1.0	2.0	5.0	8.0	5.0	1.0	2.0	0.0	0.0	2.0	4.0	0.0	0.0	1.0	2.0	10.0	2.0	7.0	10.0	9.0	5.0	2.0	6.0	3.0	2.0	2.0	2.0	1.0	2.0	0.0	0.0	5.0	1.0	1.0	8.0	0.0	1.0	2.0	3.0	1.0	3.0	0.0	0.0	1.0	3.0	1.0	2.0	6.0	4.0
ENSG00000143318	5.0	5.0	19.0	7.0	3.0	6.0	1.0	4.0	3.0	6.0	3.0	2.0	1.0	11.0	9.0	8.0	5.0	2.0	3.0	3.0	4.0	8.0	2.0	6.0	1.0	0.0	1.0	1.0	5.0	4.0	24.0	2.0	13.0	22.0	43.0	26.0	8.0	9.0	2.0	8.0	3.0	5.0	6.0	5.0	4.0	9.0	15.0	2.0	0.0	9.0	1.0	3.0	5.0	0.0	0.0	3.0	0.0	0.0	5.0	0.0	2.0	16.0	3.0	6.0
ENSG00000164708	0.0	8.0	22.0	1.0	2.0	5.0	5.0	2.0	0.0	4.0	1.0	1.0	0.0	9.0	9.0	6.0	0.0	6.0	7.0	1.0	0.0	10.0	3.0	1.0	1.0	5.0	8.0	2.0	0.0	8.0	13.0	0.0	5.0	7.0	19.0	3.0	4.0	16.0	1.0	2.0	1.0	9.0	7.0	1.0	0.0	2.0	9.0	1.0	0.0	5.0	0.0	1.0	2.0	2.0	0.0	0.0	1.0	2.0	7.0	1.0	0.0	5.0	0.0	1.0
ENSG00000086967	24.0	28.0	87.0	8.0	8.0	43.0	10.0	7.0	3.0	16.0	10.0	9.0	6.0	41.0	19.0	10.0	5.0	9.0	26.0	3.0	14.0	32.0	14.0	13.0	4.0	23.0	14.0	7.0	3.0	20.0	40.0	7.0	20.0	40.0	85.0	26.0	14.0	33.0	10.0	17.0	9.0	30.0	28.0	8.0	8.0	39.0	59.0	9.0	0.0	21.0	0.0	11.0	6.0	17.0	7.0	3.0	1.0	7.0	17.0	8.0	0.0	37.0	3.0	6.0
ENSG00000067225	6.0	11.0	32.0	7.0	6.0	11.0	6.0	9.0	3.0	12.0	6.0	4.0	2.0	23.0	21.0	11.0	1.0	9.0	15.0	7.0	9.0	9.0	1.0	12.0	5.0	8.0	9.0	7.0	3.0	8.0	22.0	4.0	14.0	15.0	31.0	14.0	9.0	25.0	2.0	23.0	13.0	18.0	12.0	4.0	1.0	10.0	30.0	9.0	0.0	7.0	0.0	3.0	8.0	5.0	2.0	13.0	1.0	6.0	4.0	4.0	1.0	12.0	5.0	6.0
ENSG00000106211	2.0	2.0	5.0	0.0	1.0	7.0	4.0	2.0	0.0	9.0	0.0	0.0	0.0	6.0	2.0	0.0	2.0	3.0	5.0	2.0	3.0	14.0	3.0	1.0	0.0	8.0	8.0	0.0	1.0	4.0	9.0	1.0	1.0	7.0	15.0	3.0	2.0	11.0	3.0	1.0	0.0	9.0	3.0	1.0	0.0	5.0	7.0	1.0	1.0	5.0	0.0	0.0	0.0	8.0	4.0	0.0	0.0	1.0	6.0	0.0	1.0	7.0	0.0	0.0
ENSG00000150991	18.0	11.0	45.0	7.0	2.0	45.0	0.0	16.0	8.0	0.0	10.0	9.0	0.0	56.0	9.0	7.0	11.0	9.0	43.0	0.0	0.0	5.0	4.0	18.0	0.0	8.0	0.0	10.0	0.0	23.0	42.0	4.0	21.0	31.0	33.0	14.0	9.0	4.0	0.0	5.0	9.0	11.0	16.0	18.0	1.0	13.0	22.0	1.0	1.0	9.0	0.0	0.0	0.0	7.0	0.0	11.0	0.0	0.0	0.0	0.0	0.0	9.0	12.0	9.0
ENSG00000101608	6.0	2.0	8.0	8.0	6.0	6.0	0.0	2.0	5.0	1.0	0.0	0.0	1.0	5.0	9.0	3.0	0.0	0.0	6.0	2.0	2.0	1.0	0.0	3.0	0.0	2.0	1.0	1.0	1.0	1.0	4.0	1.0	7.0	4.0	9.0	15.0	3.0	4.0	0.0	4.0	1.0	3.0	3.0	2.0	0.0	1.0	2.0	0.0	0.0	3.0	0.0	1.0	2.0	1.0	1.0	0.0	1.0	1.0	0.0	0.0	1.0	7.0	3.0	6.0
ENSG00000160678	2.0	3.0	7.0	2.0	1.0	1.0	2.0	0.0	0.0	1.0	0.0	1.0	0.0	1.0	3.0	0.0	0.0	2.0	3.0	0.0	0.0	0.0	0.0	0.0	0.0	0.0	0.0	0.0	1.0	3.0	6.0	1.0	0.0	5.0	12.0	3.0	0.0	3.0	1.0	3.0	1.0	3.0	2.0	0.0	0.0	0.0	9.0	0.0	0.0	1.0	0.0	1.0	0.0	0.0	1.0	2.0	1.0	0.0	1.0	1.0	0.0	5.0	0.0	0.0
ENSG00000004776	0.0	0.0	3.0	0.0	0.0	1.0	3.0	0.0	0.0	1.0	0.0	0.0	0.0	2.0	1.0	1.0	0.0	7.0	5.0	0.0	3.0	8.0	8.0	3.0	0.0	10.0	0.0	1.0	1.0	3.0	10.0	1.0	2.0	3.0	11.0	2.0	3.0	11.0	7.0	3.0	3.0	5.0	1.0	0.0	0.0	4.0	12.0	0.0	0.0	3.0	1.0	0.0	0.0	3.0	5.0	1.0	0.0	1.0	1.0	0.0	0.0	4.0	1.0	2.0
ENSG00000122367	3.0	18.0	27.0	4.0	6.0	28.0	3.0	8.0	2.0	21.0	4.0	6.0	0.0	18.0	11.0	6.0	4.0	12.0	25.0	4.0	17.0	28.0	5.0	21.0	3.0	4.0	6.0	5.0	0.0	7.0	19.0	2.0	11.0	16.0	14.0	8.0	12.0	43.0	4.0	6.0	1.0	16.0	14.0	3.0	4.0	11.0	16.0	2.0	0.0	21.0	1.0	4.0	5.0	17.0	2.0	10.0	0.0	14.0	6.0	5.0	0.0	16.0	3.0	6.0
ENSG00000174437	29.0	28.0	26.0	16.0	21.0	17.0	4.0	20.0	13.0	7.0	6.0	5.0	9.0	30.0	30.0	35.0	3.0	9.0	23.0	4.0	10.0	10.0	7.0	18.0	8.0	6.0	7.0	3.0	7.0	16.0	37.0	15.0	46.0	23.0	30.0	23.0	21.0	23.0	4.0	35.0	11.0	22.0	11.0	20.0	12.0	21.0	33.0	20.0	1.0	11.0	0.0	7.0	10.0	19.0	2.0	17.0	0.0	12.0	13.0	14.0	7.0	17.0	12.0	22.0
ENSG00000170315	4.0	3.0	17.0	3.0	0.0	17.0	0.0	4.0	2.0	0.0	4.0	3.0	0.0	20.0	3.0	1.0	1.0	3.0	17.0	0.0	0.0	8.0	0.0	1.0	0.0	3.0	0.0	3.0	0.0	3.0	19.0	5.0	10.0	9.0	8.0	6.0	3.0	3.0	0.0	0.0	0.0	13.0	0.0	5.0	0.0	3.0	9.0	0.0	1.0	3.0	0.0	0.0	0.0	0.0	3.0	3.0	0.0	0.0	0.0	1.0	0.0	3.0	0.0	3.0
ENSG00000110955	12.0	4.0	11.0	5.0	4.0	15.0	2.0	12.0	7.0	1.0	4.0	2.0	1.0	18.0	14.0	17.0	7.0	0.0	17.0	10.0	10.0	7.0	2.0	13.0	1.0	2.0	5.0	7.0	5.0	4.0	20.0	2.0	20.0	10.0	17.0	17.0	7.0	20.0	6.0	26.0	6.0	13.0	7.0	23.0	10.0	8.0	18.0	11.0	0.0	5.0	0.0	8.0	3.0	4.0	4.0	12.0	1.0	0.0	0.0	0.0	5.0	8.0	12.0	8.0
ENSG00000111669	4.0	6.0	16.0	2.0	2.0	3.0	1.0	8.0	1.0	4.0	3.0	1.0	0.0	10.0	3.0	5.0	2.0	2.0	9.0	2.0	0.0	5.0	1.0	4.0	1.0	0.0	2.0	1.0	2.0	4.0	8.0	1.0	4.0	5.0	13.0	7.0	4.0	12.0	4.0	8.0	6.0	6.0	10.0	3.0	2.0	6.0	13.0	4.0	0.0	1.0	0.0	3.0	2.0	3.0	0.0	2.0	1.0	4.0	5.0	1.0	0.0	6.0	0.0	2.0
ENSG00000173641	2.0	6.0	7.0	0.0	3.0	8.0	2.0	4.0	6.0	5.0	5.0	2.0	0.0	6.0	7.0	3.0	0.0	7.0	14.0	3.0	1.0	6.0	5.0	4.0	0.0	2.0	8.0	2.0	1.0	3.0	9.0	0.0	4.0	13.0	10.0	3.0	5.0	8.0	2.0	5.0	7.0	7.0	6.0	1.0	0.0	4.0	9.0	0.0	0.0	0.0	0.0	1.0	2.0	3.0	3.0	0.0	1.0	4.0	7.0	0.0	1.0	5.0	1.0	3.0
ENSG00000087460	8.0	22.0	17.0	2.0	0.0	9.0	1.0	7.0	2.0	10.0	3.0	3.0	0.0	17.0	7.0	7.0	1.0	4.0	20.0	3.0	2.0	6.0	2.0	4.0	1.0	13.0	3.0	7.0	0.0	5.0	22.0	3.0	8.0	20.0	25.0	9.0	2.0	12.0	2.0	10.0	6.0	4.0	4.0	4.0	0.0	5.0	20.0	1.0	1.0	12.0	0.0	2.0	0.0	1.0	1.0	3.0	0.0	7.0	4.0	1.0	0.0	13.0	0.0	7.0
ENSG00000127184	1.0	1.0	3.0	1.0	3.0	1.0	0.0	0.0	1.0	2.0	2.0	0.0	0.0	1.0	2.0	0.0	1.0	2.0	1.0	0.0	1.0	1.0	0.0	1.0	0.0	0.0	1.0	1.0	1.0	0.0	1.0	2.0	1.0	0.0	2.0	0.0	1.0	0.0	0.0	2.0	1.0	2.0	1.0	0.0	2.0	1.0	2.0	0.0	1.0	1.0	0.0	1.0	1.0	0.0	1.0	2.0	0.0	0.0	1.0	1.0	1.0	2.0	3.0	3.0
ENSG00000197893	70.0	31.0	95.0	32.0	25.0	25.0	7.0	17.0	21.0	41.0	35.0	43.0	11.0	27.0	47.0	13.0	26.0	31.0	78.0	34.0	21.0	24.0	6.0	14.0	8.0	10.0	17.0	7.0	3.0	27.0	79.0	14.0	46.0	55.0	69.0	43.0	36.0	74.0	11.0	46.0	23.0	30.0	26.0	14.0	6.0	16.0	35.0	19.0	0.0	47.0	0.0	44.0	11.0	21.0	4.0	11.0	1.0	6.0	18.0	11.0	6.0	26.0	19.0	19.0
ENSG00000125148	5.0	1.0	3.0	0.0	0.0	2.0	0.0	0.0	0.0	2.0	0.0	0.0	0.0	1.0	1.0	0.0	0.0	0.0	1.0	0.0	0.0	1.0	0.0	1.0	0.0	0.0	0.0	0.0	0.0	0.0	0.0	0.0	0.0	2.0	1.0	1.0	0.0	6.0	1.0	0.0	0.0	3.0	1.0	1.0	0.0	0.0	1.0	0.0	0.0	0.0	0.0	0.0	0.0	5.0	1.0	0.0	1.0	18.0	0.0	2.0	0.0	0.0	0.0	0.0
ENSG00000167658	15.0	25.0	50.0	2.0	6.0	23.0	7.0	5.0	2.0	11.0	4.0	3.0	1.0	48.0	28.0	5.0	0.0	13.0	29.0	3.0	6.0	27.0	3.0	10.0	2.0	21.0	13.0	2.0	0.0	18.0	45.0	2.0	4.0	46.0	58.0	6.0	4.0	44.0	8.0	6.0	5.0	38.0	16.0	7.0	2.0	18.0	47.0	2.0	0.0	16.0	1.0	5.0	3.0	17.0	7.0	3.0	0.0	12.0	7.0	5.0	0.0	26.0	8.0	9.0
ENSG00000185482	9.0	10.0	25.0	5.0	2.0	4.0	1.0	2.0	3.0	1.0	0.0	1.0	1.0	10.0	6.0	4.0	0.0	5.0	13.0	3.0	10.0	7.0	1.0	9.0	0.0	6.0	7.0	1.0	1.0	5.0	5.0	2.0	17.0	6.0	21.0	12.0	4.0	7.0	1.0	6.0	7.0	6.0	11.0	2.0	1.0	8.0	11.0	1.0	0.0	7.0	1.0	4.0	0.0	4.0	1.0	2.0	0.0	2.0	2.0	5.0	0.0	12.0	0.0	6.0
ENSG00000004799	10.0	8.0	10.0	12.0	9.0	4.0	1.0	3.0	5.0	9.0	2.0	2.0	5.0	7.0	13.0	13.0	10.0	6.0	9.0	6.0	12.0	2.0	3.0	7.0	4.0	4.0	3.0	2.0	2.0	9.0	11.0	6.0	13.0	10.0	8.0	14.0	10.0	7.0	1.0	6.0	9.0	4.0	0.0	5.0	4.0	4.0	12.0	9.0	0.0	7.0	0.0	10.0	9.0	5.0	2.0	11.0	1.0	0.0	2.0	6.0	6.0	5.0	9.0	14.0
ENSG00000121769	5.0	1.0	9.0	2.0	8.0	8.0	0.0	3.0	0.0	4.0	2.0	0.0	0.0	4.0	3.0	3.0	1.0	3.0	2.0	0.0	0.0	0.0	0.0	1.0	0.0	1.0	1.0	0.0	3.0	4.0	4.0	2.0	1.0	6.0	7.0	5.0	3.0	1.0	0.0	2.0	2.0	2.0	4.0	2.0	0.0	1.0	7.0	2.0	0.0	1.0	0.0	1.0	1.0	1.0	0.0	0.0	1.0	1.0	2.0	0.0	0.0	4.0	1.0	2.0
ENSG00000120729	15.0	8.0	5.0	9.0	5.0	2.0	1.0	7.0	12.0	3.0	1.0	4.0	4.0	4.0	6.0	2.0	12.0	2.0	10.0	3.0	13.0	0.0	0.0	4.0	3.0	1.0	1.0	3.0	3.0	2.0	4.0	6.0	13.0	5.0	4.0	14.0	12.0	2.0	1.0	13.0	11.0	0.0	3.0	3.0	5.0	2.0	10.0	8.0	1.0	2.0	0.0	6.0	10.0	0.0	3.0	2.0	0.0	2.0	3.0	2.0	6.0	7.0	4.0	6.0
ENSG00000178104	5.0	5.0	13.0	6.0	1.0	1.0	1.0	2.0	0.0	3.0	2.0	1.0	0.0	3.0	3.0	1.0	2.0	1.0	12.0	2.0	1.0	1.0	0.0	0.0	3.0	4.0	3.0	0.0	1.0	7.0	11.0	1.0	7.0	6.0	21.0	3.0	3.0	3.0	1.0	4.0	3.0	0.0	0.0	0.0	1.0	2.0	3.0	2.0	0.0	3.0	1.0	3.0	1.0	2.0	0.0	1.0	0.0	0.0	2.0	1.0	0.0	2.0	2.0	1.0
ENSG00000077522	17.0	31.0	36.0	15.0	5.0	17.0	10.0	11.0	11.0	11.0	16.0	3.0	4.0	39.0	29.0	23.0	8.0	18.0	47.0	5.0	4.0	14.0	2.0	8.0	2.0	10.0	16.0	5.0	4.0	11.0	50.0	11.0	21.0	28.0	71.0	26.0	4.0	33.0	13.0	25.0	8.0	15.0	5.0	7.0	1.0	9.0	19.0	4.0	0.0	19.0	0.0	7.0	4.0	11.0	5.0	4.0	1.0	5.0	16.0	5.0	0.0	21.0	8.0	7.0
ENSG00000136717	8.0	18.0	34.0	5.0	1.0	10.0	7.0	4.0	3.0	8.0	2.0	5.0	0.0	7.0	9.0	2.0	2.0	9.0	24.0	0.0	6.0	10.0	2.0	6.0	0.0	6.0	5.0	1.0	0.0	9.0	25.0	2.0	4.0	12.0	35.0	12.0	6.0	19.0	5.0	3.0	1.0	14.0	9.0	3.0	2.0	9.0	16.0	1.0	0.0	7.0	0.0	1.0	1.0	6.0	2.0	2.0	1.0	2.0	5.0	1.0	0.0	12.0	1.0	3.0
ENSG00000169020	2.0	0.0	5.0	1.0	0.0	0.0	1.0	0.0	1.0	1.0	2.0	0.0	2.0	1.0	1.0	1.0	0.0	0.0	2.0	0.0	1.0	0.0	2.0	1.0	0.0	2.0	2.0	0.0	1.0	3.0	2.0	0.0	5.0	1.0	3.0	2.0	4.0	4.0	0.0	0.0	1.0	1.0	0.0	1.0	0.0	1.0	3.0	0.0	0.0	4.0	0.0	0.0	0.0	1.0	0.0	1.0	1.0	0.0	0.0	0.0	1.0	1.0	1.0	0.0
ENSG00000065978	6.0	9.0	10.0	12.0	4.0	4.0	2.0	3.0	7.0	5.0	8.0	5.0	1.0	2.0	4.0	0.0	10.0	1.0	14.0	1.0	12.0	10.0	2.0	11.0	4.0	11.0	4.0	5.0	0.0	2.0	0.0	1.0	11.0	6.0	16.0	7.0	8.0	12.0	3.0	6.0	10.0	13.0	5.0	11.0	5.0	1.0	4.0	6.0	1.0	8.0	0.0	8.0	0.0	2.0	3.0	0.0	0.0	0.0	1.0	0.0	0.0	5.0	1.0	2.0
ENSG00000186439	70.0	1.0	33.0	2.0	14.0	4.0	4.0	14.0	3.0	4.0	2.0	3.0	7.0	7.0	4.0	10.0	10.0	4.0	6.0	3.0	8.0	7.0	3.0	9.0	2.0	0.0	0.0	1.0	0.0	0.0	5.0	2.0	49.0	8.0	15.0	18.0	17.0	8.0	2.0	11.0	10.0	2.0	3.0	4.0	8.0	3.0	11.0	6.0	0.0	1.0	0.0	3.0	10.0	4.0	0.0	8.0	1.0	0.0	3.0	1.0	5.0	3.0	2.0	4.0
ENSG00000158022	5.0	8.0	20.0	5.0	4.0	7.0	3.0	5.0	1.0	6.0	1.0	5.0	1.0	21.0	9.0	3.0	2.0	9.0	25.0	0.0	2.0	5.0	2.0	2.0	1.0	2.0	4.0	4.0	0.0	4.0	19.0	1.0	16.0	9.0	27.0	9.0	2.0	10.0	1.0	2.0	5.0	6.0	7.0	0.0	1.0	2.0	13.0	0.0	1.0	5.0	0.0	2.0	1.0	9.0	1.0	1.0	0.0	12.0	1.0	4.0	1.0	7.0	7.0	6.0
ENSG00000165795	4.0	12.0	8.0	5.0	6.0	11.0	1.0	7.0	2.0	4.0	1.0	1.0	2.0	9.0	14.0	6.0	3.0	5.0	17.0	4.0	7.0	7.0	3.0	7.0	1.0	5.0	3.0	2.0	2.0	6.0	16.0	7.0	8.0	8.0	15.0	8.0	7.0	10.0	4.0	3.0	14.0	7.0	2.0	7.0	1.0	5.0	10.0	5.0	0.0	10.0	0.0	4.0	2.0	9.0	2.0	13.0	1.0	3.0	3.0	3.0	0.0	9.0	4.0	3.0
ENSG00000196683	1.0	0.0	4.0	0.0	0.0	0.0	0.0	1.0	1.0	3.0	1.0	0.0	0.0	1.0	2.0	2.0	0.0	0.0	4.0	0.0	1.0	1.0	0.0	2.0	0.0	1.0	0.0	0.0	2.0	1.0	2.0	2.0	1.0	0.0	1.0	1.0	1.0	2.0	0.0	0.0	3.0	1.0	1.0	1.0	0.0	0.0	2.0	1.0	1.0	1.0	0.0	0.0	0.0	0.0	0.0	0.0	0.0	0.0	2.0	0.0	0.0	1.0	1.0	3.0
ENSG00000178980	2.0	0.0	10.0	0.0	1.0	1.0	0.0	1.0	0.0	1.0	0.0	0.0	0.0	2.0	2.0	1.0	0.0	1.0	3.0	0.0	0.0	2.0	0.0	0.0	1.0	1.0	0.0	0.0	0.0	2.0	2.0	1.0	3.0	2.0	2.0	2.0	0.0	7.0	0.0	3.0	1.0	7.0	2.0	0.0	1.0	2.0	3.0	1.0	1.0	2.0	0.0	2.0	0.0	1.0	0.0	1.0	1.0	1.0	0.0	1.0	1.0	2.0	3.0	2.0
ENSG00000240045	1.0	0.0	0.0	0.0	1.0	0.0	0.0	0.0	0.0	0.0	0.0	0.0	1.0	1.0	2.0	4.0	0.0	1.0	0.0	0.0	0.0	0.0	0.0	1.0	0.0	0.0	0.0	0.0	0.0	1.0	2.0	2.0	1.0	0.0	0.0	0.0	0.0	0.0	1.0	1.0	0.0	2.0	1.0	0.0	0.0	1.0	1.0	2.0	0.0	0.0	1.0	1.0	1.0	0.0	0.0	2.0	0.0	1.0	1.0	0.0	0.0	1.0	0.0	1.0
ENSG00000272573	1.0	2.0	10.0	0.0	1.0	5.0	0.0	1.0	0.0	1.0	0.0	1.0	0.0	2.0	2.0	0.0	1.0	0.0	4.0	0.0	0.0	3.0	1.0	2.0	2.0	3.0	0.0	0.0	0.0	0.0	2.0	0.0	2.0	2.0	5.0	0.0	0.0	5.0	0.0	3.0	2.0	2.0	1.0	2.0	0.0	3.0	2.0	0.0	0.0	1.0	0.0	0.0	0.0	2.0	2.0	0.0	1.0	0.0	0.0	1.0	0.0	2.0	0.0	1.0
ENSG00000156508	20.0	9.0	27.0	7.0	6.0	9.0	3.0	11.0	4.0	6.0	0.0	3.0	1.0	11.0	12.0	18.0	2.0	5.0	8.0	5.0	12.0	5.0	0.0	8.0	2.0	3.0	0.0	8.0	2.0	2.0	12.0	3.0	14.0	12.0	13.0	14.0	4.0	8.0	1.0	26.0	7.0	15.0	3.0	19.0	4.0	15.0	10.0	15.0	0.0	6.0	0.0	6.0	1.0	5.0	1.0	7.0	1.0	4.0	5.0	2.0	0.0	6.0	7.0	8.0
ENSG00000248746	8.0	31.0	39.0	8.0	7.0	25.0	2.0	6.0	0.0	14.0	7.0	3.0	1.0	34.0	28.0	12.0	2.0	19.0	52.0	1.0	3.0	15.0	6.0	5.0	11.0	22.0	23.0	3.0	5.0	18.0	63.0	4.0	14.0	40.0	74.0	13.0	14.0	45.0	10.0	13.0	7.0	18.0	17.0	8.0	4.0	6.0	28.0	5.0	0.0	15.0	0.0	6.0	4.0	11.0	3.0	3.0	1.0	11.0	17.0	2.0	0.0	21.0	6.0	9.0
ENSG00000129170	3.0	3.0	6.0	3.0	2.0	2.0	1.0	0.0	5.0	2.0	2.0	7.0	0.0	1.0	5.0	2.0	2.0	4.0	3.0	1.0	8.0	1.0	1.0	1.0	2.0	1.0	2.0	1.0	0.0	1.0	4.0	2.0	4.0	0.0	4.0	2.0	6.0	5.0	0.0	3.0	4.0	3.0	1.0	1.0	1.0	2.0	5.0	1.0	1.0	1.0	0.0	0.0	3.0	1.0	0.0	2.0	0.0	2.0	4.0	3.0	3.0	3.0	5.0	3.0
ENSG00000101210	3.0	14.0	43.0	2.0	3.0	15.0	8.0	1.0	0.0	8.0	2.0	0.0	0.0	29.0	11.0	6.0	0.0	10.0	12.0	1.0	1.0	13.0	11.0	1.0	0.0	8.0	6.0	2.0	0.0	4.0	21.0	0.0	2.0	21.0	29.0	1.0	2.0	15.0	12.0	5.0	5.0	31.0	4.0	4.0	1.0	8.0	32.0	0.0	0.0	11.0	0.0	1.0	1.0	14.0	2.0	3.0	1.0	4.0	5.0	2.0	0.0	10.0	0.0	3.0
ENSG00000196218	46.0	131.0	182.0	39.0	42.0	105.0	53.0	31.0	9.0	96.0	31.0	23.0	8.0	161.0	145.0	34.0	22.0	103.0	183.0	30.0	51.0	113.0	55.0	52.0	24.0	123.0	89.0	18.0	22.0	139.0	328.0	32.0	101.0	181.0	375.0	72.0	63.0	172.0	77.0	72.0	45.0	186.0	92.0	40.0	6.0	92.0	203.0	16.0	0.0	105.0	0.0	36.0	29.0	90.0	25.0	33.0	1.0	66.0	63.0	34.0	3.0	155.0	34.0	52.0
ENSG00000178741	4.0	2.0	3.0	2.0	4.0	4.0	0.0	2.0	2.0	0.0	0.0	1.0	2.0	6.0	2.0	1.0	0.0	1.0	3.0	2.0	3.0	4.0	1.0	2.0	1.0	4.0	4.0	2.0	1.0	2.0	4.0	3.0	5.0	3.0	6.0	7.0	3.0	6.0	0.0	7.0	2.0	4.0	2.0	0.0	1.0	1.0	3.0	6.0	1.0	2.0	0.0	3.0	2.0	3.0	0.0	0.0	0.0	3.0	2.0	0.0	2.0	1.0	2.0	2.0
ENSG00000183386	0.0	2.0	7.0	0.0	3.0	3.0	2.0	0.0	0.0	4.0	0.0	1.0	0.0	1.0	1.0	0.0	1.0	5.0	10.0	2.0	1.0	6.0	2.0	3.0	2.0	4.0	2.0	2.0	0.0	3.0	7.0	0.0	6.0	3.0	2.0	4.0	3.0	3.0	0.0	2.0	7.0	7.0	3.0	3.0	2.0	1.0	7.0	0.0	1.0	3.0	0.0	3.0	0.0	6.0	0.0	2.0	0.0	13.0	3.0	6.0	0.0	4.0	0.0	5.0
ENSG00000152234	10.0	6.0	20.0	10.0	8.0	5.0	2.0	12.0	5.0	3.0	7.0	2.0	2.0	10.0	12.0	27.0	10.0	2.0	15.0	5.0	7.0	4.0	0.0	7.0	4.0	5.0	4.0	13.0	3.0	2.0	15.0	10.0	18.0	9.0	13.0	20.0	7.0	18.0	2.0	31.0	14.0	7.0	4.0	26.0	7.0	9.0	15.0	15.0	1.0	8.0	0.0	8.0	6.0	12.0	2.0	14.0	0.0	0.0	0.0	2.0	3.0	9.0	20.0	7.0
ENSG00000152556	14.0	13.0	31.0	16.0	10.0	25.0	3.0	17.0	3.0	13.0	14.0	6.0	2.0	24.0	23.0	21.0	5.0	9.0	18.0	10.0	11.0	6.0	2.0	3.0	8.0	5.0	9.0	9.0	3.0	12.0	29.0	9.0	19.0	25.0	28.0	17.0	10.0	26.0	0.0	28.0	9.0	30.0	23.0	19.0	4.0	16.0	28.0	13.0	1.0	11.0	0.0	4.0	6.0	5.0	3.0	10.0	0.0	4.0	10.0	11.0	3.0	12.0	6.0	17.0
ENSG00000079739	18.0	11.0	19.0	12.0	10.0	10.0	2.0	8.0	4.0	10.0	2.0	9.0	5.0	18.0	13.0	20.0	2.0	5.0	16.0	4.0	7.0	8.0	2.0	9.0	4.0	7.0	6.0	2.0	3.0	8.0	20.0	5.0	17.0	17.0	17.0	21.0	11.0	14.0	2.0	19.0	18.0	9.0	16.0	10.0	4.0	6.0	15.0	9.0	1.0	6.0	0.0	13.0	7.0	8.0	2.0	6.0	0.0	4.0	5.0	2.0	1.0	16.0	8.0	18.0
ENSG00000075415	9.0	5.0	17.0	3.0	4.0	3.0	2.0	7.0	3.0	4.0	1.0	5.0	3.0	3.0	11.0	4.0	2.0	4.0	9.0	1.0	7.0	8.0	1.0	8.0	1.0	7.0	1.0	4.0	3.0	6.0	14.0	6.0	11.0	4.0	7.0	5.0	8.0	9.0	4.0	14.0	7.0	7.0	5.0	10.0	4.0	6.0	10.0	9.0	0.0	8.0	1.0	9.0	3.0	5.0	1.0	6.0	0.0	3.0	5.0	5.0	3.0	8.0	5.0	14.0
ENSG00000176340	0.0	0.0	2.0	0.0	1.0	3.0	1.0	0.0	0.0	0.0	2.0	0.0	0.0	3.0	2.0	0.0	0.0	1.0	0.0	1.0	3.0	0.0	4.0	0.0	0.0	1.0	3.0	0.0	0.0	2.0	7.0	2.0	1.0	0.0	3.0	0.0	0.0	3.0	1.0	0.0	0.0	3.0	3.0	0.0	0.0	1.0	2.0	1.0	0.0	1.0	0.0	0.0	1.0	2.0	2.0	0.0	1.0	1.0	1.0	0.0	0.0	2.0	3.0	0.0
ENSG00000109971	16.0	16.0	38.0	18.0	7.0	20.0	2.0	18.0	5.0	5.0	2.0	4.0	3.0	15.0	13.0	26.0	6.0	2.0	20.0	5.0	6.0	8.0	0.0	11.0	5.0	3.0	1.0	12.0	1.0	11.0	13.0	12.0	26.0	21.0	23.0	25.0	10.0	13.0	0.0	27.0	21.0	11.0	3.0	18.0	4.0	15.0	11.0	16.0	1.0	7.0	0.0	8.0	5.0	7.0	0.0	14.0	0.0	1.0	2.0	3.0	1.0	8.0	6.0	16.0
ENSG00000126267	2.0	5.0	4.0	0.0	2.0	3.0	1.0	1.0	1.0	1.0	0.0	0.0	0.0	3.0	3.0	0.0	1.0	1.0	6.0	0.0	0.0	3.0	0.0	1.0	0.0	2.0	1.0	1.0	0.0	1.0	1.0	0.0	3.0	4.0	2.0	2.0	1.0	1.0	1.0	2.0	1.0	2.0	1.0	0.0	0.0	1.0	2.0	0.0	0.0	4.0	0.0	0.0	0.0	2.0	0.0	1.0	1.0	3.0	4.0	1.0	0.0	2.0	0.0	2.0
ENSG00000265972	9.0	6.0	12.0	6.0	6.0	5.0	0.0	7.0	6.0	12.0	1.0	2.0	0.0	11.0	12.0	9.0	2.0	3.0	6.0	3.0	6.0	5.0	2.0	15.0	6.0	2.0	2.0	1.0	3.0	1.0	9.0	6.0	6.0	7.0	11.0	12.0	3.0	5.0	0.0	7.0	5.0	7.0	4.0	3.0	5.0	6.0	11.0	5.0	0.0	3.0	0.0	7.0	7.0	8.0	0.0	7.0	1.0	6.0	3.0	3.0	4.0	7.0	2.0	6.0
ENSG00000135821	5.0	9.0	14.0	11.0	2.0	12.0	1.0	5.0	1.0	6.0	3.0	4.0	3.0	10.0	12.0	5.0	0.0	6.0	12.0	5.0	2.0	11.0	0.0	10.0	2.0	4.0	7.0	7.0	2.0	5.0	6.0	1.0	10.0	11.0	17.0	8.0	5.0	16.0	1.0	3.0	10.0	9.0	5.0	10.0	1.0	3.0	11.0	2.0	1.0	8.0	0.0	7.0	1.0	5.0	1.0	4.0	0.0	4.0	7.0	7.0	3.0	8.0	4.0	9.0
ENSG00000163126	7.0	8.0	14.0	3.0	3.0	6.0	1.0	0.0	6.0	4.0	4.0	3.0	0.0	5.0	3.0	2.0	2.0	11.0	13.0	4.0	0.0	8.0	2.0	6.0	3.0	5.0	9.0	0.0	1.0	4.0	24.0	2.0	7.0	15.0	13.0	2.0	4.0	17.0	3.0	6.0	9.0	5.0	6.0	2.0	1.0	3.0	15.0	4.0	0.0	3.0	0.0	1.0	0.0	2.0	0.0	0.0	1.0	3.0	5.0	2.0	0.0	3.0	8.0	3.0
ENSG00000131730	6.0	11.0	19.0	6.0	6.0	9.0	3.0	6.0	4.0	4.0	6.0	2.0	4.0	14.0	10.0	5.0	3.0	7.0	11.0	2.0	8.0	6.0	0.0	8.0	6.0	8.0	6.0	4.0	7.0	6.0	18.0	4.0	6.0	16.0	21.0	12.0	3.0	12.0	1.0	7.0	8.0	14.0	5.0	5.0	4.0	7.0	15.0	3.0	1.0	9.0	0.0	4.0	3.0	4.0	1.0	5.0	0.0	4.0	5.0	5.0	3.0	4.0	3.0	11.0
ENSG00000197746	13.0	12.0	30.0	7.0	3.0	9.0	3.0	8.0	0.0	10.0	1.0	0.0	5.0	15.0	17.0	6.0	1.0	7.0	22.0	4.0	7.0	11.0	4.0	10.0	0.0	4.0	2.0	1.0	2.0	12.0	31.0	5.0	9.0	20.0	36.0	7.0	8.0	14.0	3.0	10.0	4.0	11.0	4.0	3.0	1.0	10.0	28.0	7.0	0.0	9.0	1.0	3.0	1.0	10.0	4.0	6.0	0.0	24.0	6.0	8.0	0.0	7.0	6.0	3.0
ENSG00000009307	39.0	17.0	21.0	25.0	11.0	8.0	3.0	20.0	7.0	8.0	7.0	13.0	5.0	12.0	15.0	28.0	14.0	7.0	19.0	11.0	11.0	8.0	1.0	14.0	8.0	8.0	2.0	10.0	3.0	6.0	21.0	7.0	41.0	14.0	21.0	39.0	13.0	12.0	0.0	18.0	18.0	18.0	13.0	16.0	13.0	11.0	21.0	25.0	1.0	8.0	0.0	8.0	11.0	5.0	1.0	8.0	0.0	4.0	1.0	11.0	7.0	15.0	8.0	29.0
ENSG00000135390	2.0	1.0	4.0	0.0	4.0	3.0	0.0	2.0	0.0	9.0	2.0	0.0	1.0	4.0	5.0	5.0	2.0	1.0	2.0	0.0	0.0	3.0	2.0	4.0	1.0	1.0	0.0	1.0	1.0	8.0	9.0	2.0	0.0	2.0	4.0	1.0	3.0	11.0	0.0	5.0	2.0	1.0	6.0	2.0	1.0	4.0	4.0	1.0	0.0	1.0	0.0	1.0	4.0	4.0	1.0	5.0	1.0	1.0	0.0	2.0	0.0	4.0	2.0	6.0
ENSG00000128591	20.0	65.0	138.0	18.0	33.0	96.0	29.0	31.0	3.0	66.0	6.0	13.0	2.0	110.0	33.0	22.0	7.0	44.0	68.0	18.0	37.0	107.0	19.0	51.0	10.0	45.0	42.0	8.0	2.0	34.0	87.0	6.0	19.0	100.0	153.0	56.0	23.0	108.0	21.0	40.0	26.0	146.0	80.0	49.0	6.0	66.0	188.0	12.0	0.0	57.0	0.0	22.0	17.0	48.0	13.0	10.0	1.0	31.0	17.0	13.0	2.0	69.0	7.0	23.0
ENSG00000266964	0.0	1.0	3.0	0.0	0.0	2.0	0.0	3.0	2.0	2.0	2.0	1.0	0.0	8.0	2.0	0.0	0.0	2.0	5.0	0.0	1.0	1.0	1.0	0.0	0.0	3.0	2.0	1.0	0.0	5.0	4.0	1.0	4.0	2.0	2.0	1.0	1.0	2.0	1.0	0.0	2.0	3.0	2.0	1.0	0.0	1.0	2.0	1.0	0.0	2.0	1.0	0.0	0.0	3.0	0.0	1.0	0.0	2.0	0.0	1.0	0.0	5.0	1.0	0.0
ENSG00000125356	1.0	2.0	2.0	0.0	0.0	0.0	0.0	2.0	1.0	0.0	3.0	1.0	0.0	2.0	3.0	3.0	0.0	2.0	0.0	1.0	1.0	1.0	0.0	0.0	0.0	1.0	0.0	1.0	0.0	2.0	2.0	0.0	2.0	0.0	2.0	3.0	0.0	0.0	1.0	2.0	3.0	2.0	2.0	1.0	0.0	1.0	2.0	2.0	1.0	2.0	0.0	2.0	1.0	1.0	0.0	1.0	0.0	1.0	2.0	0.0	0.0	2.0	3.0	1.0
ENSG00000096384	27.0	16.0	48.0	12.0	8.0	17.0	1.0	8.0	2.0	9.0	3.0	2.0	3.0	27.0	19.0	18.0	2.0	8.0	19.0	5.0	1.0	11.0	0.0	11.0	3.0	11.0	8.0	5.0	6.0	14.0	19.0	10.0	33.0	21.0	63.0	30.0	15.0	11.0	1.0	11.0	6.0	10.0	2.0	16.0	4.0	6.0	23.0	9.0	0.0	8.0	1.0	16.0	5.0	12.0	1.0	19.0	0.0	4.0	4.0	2.0	1.0	12.0	12.0	14.0
ENSG00000082641	7.0	18.0	19.0	11.0	8.0	15.0	4.0	6.0	1.0	24.0	4.0	19.0	3.0	15.0	14.0	6.0	3.0	8.0	40.0	2.0	14.0	17.0	1.0	14.0	10.0	7.0	14.0	3.0	2.0	20.0	47.0	9.0	20.0	33.0	40.0	20.0	8.0	26.0	6.0	9.0	7.0	21.0	14.0	5.0	3.0	5.0	19.0	3.0	0.0	14.0	0.0	5.0	7.0	22.0	2.0	22.0	1.0	4.0	4.0	0.0	5.0	15.0	10.0	8.0
ENSG00000106992	6.0	1.0	13.0	2.0	3.0	10.0	0.0	1.0	0.0	2.0	1.0	1.0	0.0	6.0	5.0	3.0	1.0	2.0	7.0	0.0	1.0	1.0	1.0	3.0	1.0	1.0	6.0	3.0	1.0	4.0	11.0	0.0	4.0	7.0	15.0	2.0	1.0	6.0	0.0	1.0	3.0	10.0	5.0	1.0	0.0	6.0	10.0	1.0	0.0	3.0	1.0	4.0	2.0	5.0	2.0	0.0	0.0	1.0	0.0	1.0	0.0	3.0	2.0	2.0
ENSG00000087086	3.0	4.0	9.0	2.0	0.0	4.0	1.0	2.0	0.0	3.0	2.0	0.0	0.0	2.0	5.0	1.0	1.0	5.0	6.0	2.0	2.0	1.0	1.0	0.0	0.0	5.0	0.0	3.0	1.0	8.0	12.0	3.0	5.0	8.0	11.0	5.0	1.0	9.0	0.0	5.0	0.0	7.0	1.0	4.0	0.0	2.0	4.0	0.0	1.0	4.0	0.0	3.0	0.0	3.0	0.0	2.0	0.0	0.0	1.0	1.0	0.0	8.0	3.0	0.0
ENSG00000241468	3.0	1.0	7.0	1.0	0.0	1.0	0.0	0.0	1.0	3.0	0.0	2.0	0.0	3.0	3.0	2.0	1.0	2.0	0.0	1.0	2.0	0.0	0.0	1.0	0.0	1.0	3.0	0.0	0.0	3.0	4.0	1.0	0.0	2.0	3.0	0.0	1.0	0.0	2.0	0.0	1.0	1.0	3.0	1.0	1.0	1.0	4.0	1.0	0.0	9.0	0.0	0.0	1.0	2.0	1.0	0.0	1.0	1.0	1.0	0.0	0.0	2.0	1.0	3.0
ENSG00000131143	2.0	4.0	18.0	0.0	0.0	4.0	1.0	0.0	0.0	7.0	3.0	1.0	0.0	3.0	8.0	2.0	1.0	3.0	4.0	2.0	1.0	3.0	2.0	0.0	2.0	1.0	1.0	1.0	1.0	4.0	2.0	0.0	3.0	5.0	10.0	2.0	2.0	6.0	1.0	4.0	0.0	5.0	0.0	2.0	2.0	2.0	7.0	4.0	0.0	2.0	0.0	3.0	0.0	4.0	2.0	2.0	1.0	0.0	6.0	1.0	1.0	4.0	4.0	4.0
ENSG00000135940	1.0	1.0	5.0	3.0	0.0	2.0	1.0	2.0	1.0	1.0	4.0	1.0	1.0	3.0	4.0	0.0	0.0	2.0	5.0	1.0	2.0	5.0	0.0	1.0	1.0	4.0	0.0	0.0	0.0	0.0	8.0	1.0	3.0	3.0	5.0	1.0	3.0	6.0	4.0	5.0	6.0	5.0	1.0	2.0	2.0	3.0	1.0	1.0	0.0	2.0	0.0	0.0	2.0	3.0	0.0	1.0	1.0	2.0	2.0	2.0	2.0	0.0	1.0	1.0
ENSG00000147684	1.0	0.0	12.0	1.0	0.0	4.0	1.0	1.0	4.0	1.0	1.0	0.0	0.0	1.0	4.0	1.0	1.0	1.0	8.0	4.0	5.0	5.0	0.0	7.0	2.0	1.0	6.0	1.0	1.0	1.0	6.0	1.0	12.0	2.0	8.0	5.0	1.0	5.0	4.0	1.0	1.0	1.0	1.0	3.0	0.0	2.0	2.0	1.0	0.0	6.0	1.0	4.0	0.0	1.0	2.0	2.0	0.0	3.0	8.0	0.0	2.0	3.0	4.0	2.0
ENSG00000156467	6.0	5.0	7.0	3.0	1.0	2.0	0.0	1.0	2.0	2.0	4.0	1.0	2.0	3.0	3.0	4.0	1.0	2.0	3.0	1.0	3.0	2.0	0.0	3.0	2.0	1.0	0.0	1.0	0.0	0.0	5.0	2.0	6.0	2.0	4.0	7.0	4.0	2.0	0.0	5.0	1.0	1.0	1.0	2.0	1.0	2.0	0.0	2.0	0.0	3.0	0.0	3.0	2.0	1.0	0.0	3.0	1.0	1.0	3.0	1.0	2.0	2.0	5.0	2.0
ENSG00000182054	6.0	12.0	27.0	3.0	2.0	19.0	4.0	4.0	1.0	6.0	3.0	4.0	1.0	21.0	11.0	6.0	1.0	10.0	15.0	2.0	3.0	7.0	1.0	3.0	0.0	2.0	7.0	5.0	2.0	8.0	17.0	1.0	2.0	21.0	17.0	10.0	3.0	16.0	2.0	4.0	3.0	18.0	8.0	4.0	0.0	10.0	13.0	0.0	0.0	6.0	1.0	6.0	2.0	3.0	1.0	2.0	0.0	6.0	8.0	1.0	0.0	12.0	0.0	8.0
ENSG00000140990	6.0	4.0	7.0	1.0	0.0	3.0	1.0	1.0	2.0	1.0	6.0	1.0	1.0	6.0	8.0	2.0	2.0	2.0	16.0	0.0	1.0	4.0	3.0	1.0	1.0	5.0	3.0	0.0	0.0	3.0	3.0	0.0	6.0	10.0	8.0	2.0	2.0	10.0	1.0	2.0	1.0	0.0	1.0	0.0	0.0	2.0	8.0	0.0	0.0	10.0	0.0	3.0	0.0	1.0	0.0	1.0	1.0	3.0	2.0	2.0	0.0	2.0	0.0	1.0
ENSG00000171992	5.0	15.0	24.0	7.0	7.0	19.0	6.0	8.0	6.0	25.0	12.0	4.0	1.0	9.0	13.0	3.0	6.0	7.0	27.0	3.0	26.0	42.0	11.0	19.0	7.0	11.0	9.0	1.0	4.0	13.0	27.0	2.0	3.0	10.0	42.0	7.0	11.0	37.0	7.0	15.0	1.0	10.0	17.0	1.0	5.0	12.0	17.0	3.0	1.0	10.0	0.0	4.0	16.0	28.0	5.0	14.0	0.0	4.0	5.0	1.0	0.0	11.0	6.0	4.0
ENSG00000185100	10.0	14.0	19.0	3.0	4.0	14.0	6.0	2.0	5.0	2.0	7.0	0.0	3.0	17.0	8.0	6.0	2.0	11.0	18.0	0.0	4.0	12.0	1.0	1.0	2.0	7.0	5.0	1.0	1.0	9.0	24.0	3.0	7.0	19.0	20.0	5.0	6.0	16.0	5.0	5.0	7.0	29.0	11.0	7.0	1.0	10.0	23.0	5.0	0.0	6.0	1.0	6.0	4.0	7.0	3.0	2.0	0.0	5.0	7.0	0.0	0.0	8.0	2.0	10.0
ENSG00000185437	4.0	1.0	3.0	5.0	2.0	0.0	1.0	2.0	1.0	0.0	0.0	1.0	1.0	1.0	2.0	3.0	2.0	0.0	3.0	0.0	1.0	1.0	0.0	8.0	0.0	0.0	0.0	0.0	0.0	1.0	0.0	1.0	20.0	3.0	16.0	3.0	3.0	4.0	1.0	2.0	6.0	2.0	3.0	3.0	0.0	0.0	1.0	1.0	0.0	1.0	1.0	1.0	2.0	2.0	0.0	2.0	0.0	0.0	0.0	1.0	0.0	4.0	2.0	1.0
ENSG00000173812	3.0	3.0	9.0	1.0	0.0	1.0	0.0	4.0	2.0	0.0	1.0	1.0	2.0	3.0	1.0	4.0	3.0	1.0	6.0	3.0	0.0	1.0	1.0	1.0	0.0	1.0	0.0	0.0	2.0	2.0	3.0	2.0	2.0	4.0	3.0	7.0	1.0	1.0	1.0	5.0	2.0	2.0	2.0	3.0	3.0	1.0	1.0	1.0	1.0	1.0	0.0	2.0	0.0	1.0	0.0	1.0	0.0	2.0	0.0	0.0	0.0	2.0	0.0	4.0
ENSG00000130005	3.0	5.0	7.0	1.0	2.0	8.0	5.0	0.0	0.0	3.0	1.0	0.0	0.0	12.0	8.0	1.0	0.0	7.0	6.0	1.0	4.0	11.0	3.0	1.0	0.0	4.0	5.0	1.0	0.0	4.0	14.0	0.0	0.0	8.0	16.0	3.0	3.0	12.0	12.0	0.0	0.0	10.0	5.0	1.0	0.0	5.0	7.0	0.0	0.0	7.0	0.0	1.0	2.0	4.0	1.0	0.0	1.0	4.0	7.0	0.0	0.0	6.0	1.0	4.0
ENSG00000163157	3.0	8.0	15.0	10.0	8.0	5.0	2.0	2.0	3.0	9.0	4.0	6.0	4.0	6.0	13.0	8.0	4.0	1.0	18.0	1.0	8.0	9.0	1.0	4.0	4.0	3.0	3.0	6.0	10.0	6.0	13.0	1.0	12.0	13.0	29.0	8.0	12.0	9.0	0.0	5.0	3.0	3.0	3.0	2.0	3.0	3.0	9.0	1.0	1.0	5.0	0.0	5.0	2.0	1.0	0.0	1.0	0.0	3.0	1.0	3.0	0.0	3.0	6.0	2.0
ENSG00000250479	0.0	0.0	2.0	0.0	0.0	4.0	1.0	1.0	0.0	8.0	1.0	1.0	0.0	1.0	5.0	0.0	0.0	3.0	11.0	1.0	4.0	12.0	3.0	4.0	0.0	2.0	2.0	0.0	0.0	1.0	9.0	1.0	0.0	2.0	4.0	0.0	3.0	16.0	4.0	4.0	3.0	4.0	5.0	1.0	1.0	2.0	2.0	0.0	0.0	4.0	0.0	0.0	0.0	5.0	4.0	1.0	1.0	2.0	0.0	2.0	0.0	3.0	0.0	0.0
ENSG00000169714	4.0	4.0	7.0	1.0	3.0	2.0	0.0	2.0	5.0	4.0	1.0	1.0	0.0	1.0	2.0	4.0	2.0	4.0	3.0	4.0	2.0	1.0	0.0	1.0	2.0	2.0	2.0	4.0	0.0	0.0	1.0	4.0	6.0	5.0	9.0	5.0	2.0	6.0	0.0	2.0	5.0	7.0	1.0	11.0	1.0	1.0	1.0	2.0	1.0	2.0	0.0	4.0	1.0	1.0	2.0	4.0	0.0	12.0	1.0	10.0	0.0	3.0	0.0	2.0
ENSG00000182676	3.0	2.0	2.0	1.0	1.0	3.0	1.0	2.0	1.0	4.0	2.0	0.0	1.0	5.0	3.0	2.0	0.0	4.0	4.0	1.0	1.0	3.0	1.0	3.0	1.0	4.0	8.0	1.0	0.0	3.0	12.0	1.0	2.0	11.0	4.0	6.0	1.0	8.0	2.0	2.0	2.0	3.0	4.0	1.0	0.0	3.0	5.0	0.0	0.0	5.0	0.0	1.0	1.0	3.0	0.0	1.0	1.0	2.0	1.0	0.0	0.0	4.0	2.0	0.0
ENSG00000196531	7.0	4.0	9.0	4.0	10.0	3.0	0.0	5.0	2.0	1.0	0.0	6.0	1.0	4.0	5.0	5.0	8.0	0.0	10.0	0.0	4.0	2.0	1.0	2.0	1.0	0.0	4.0	0.0	1.0	1.0	3.0	2.0	20.0	2.0	9.0	8.0	10.0	4.0	2.0	8.0	2.0	1.0	2.0	3.0	4.0	9.0	1.0	5.0	1.0	2.0	0.0	0.0	4.0	3.0	1.0	3.0	0.0	0.0	0.0	0.0	2.0	1.0	2.0	2.0
ENSG00000091482	6.0	0.0	3.0	6.0	0.0	1.0	0.0	1.0	3.0	0.0	0.0	1.0	0.0	3.0	3.0	3.0	1.0	0.0	4.0	0.0	6.0	4.0	0.0	3.0	0.0	0.0	1.0	0.0	2.0	0.0	0.0	1.0	5.0	0.0	4.0	1.0	3.0	2.0	1.0	1.0	4.0	0.0	0.0	2.0	0.0	2.0	1.0	3.0	0.0	0.0	1.0	1.0	0.0	1.0	3.0	0.0	0.0	0.0	0.0	1.0	0.0	0.0	0.0	1.0
ENSG00000161011	6.0	5.0	12.0	4.0	3.0	7.0	2.0	0.0	1.0	14.0	2.0	3.0	0.0	7.0	9.0	3.0	0.0	9.0	11.0	3.0	13.0	10.0	8.0	6.0	1.0	7.0	5.0	2.0	1.0	7.0	12.0	1.0	10.0	11.0	21.0	9.0	4.0	6.0	3.0	6.0	10.0	9.0	11.0	4.0	1.0	3.0	9.0	3.0	0.0	5.0	0.0	2.0	5.0	9.0	3.0	9.0	1.0	8.0	6.0	3.0	0.0	7.0	5.0	0.0
ENSG00000100097	3.0	12.0	5.0	1.0	0.0	4.0	0.0	0.0	0.0	4.0	0.0	1.0	0.0	4.0	2.0	0.0	0.0	2.0	3.0	0.0	1.0	2.0	0.0	4.0	2.0	2.0	1.0	0.0	0.0	2.0	9.0	1.0	1.0	8.0	6.0	1.0	2.0	7.0	0.0	5.0	3.0	4.0	2.0	2.0	0.0	3.0	6.0	1.0	0.0	2.0	0.0	0.0	0.0	0.0	0.0	0.0	1.0	4.0	1.0	2.0	0.0	8.0	0.0	2.0
ENSG00000204628	4.0	13.0	13.0	1.0	4.0	17.0	5.0	5.0	0.0	7.0	2.0	3.0	0.0	14.0	5.0	5.0	1.0	7.0	11.0	1.0	3.0	3.0	2.0	2.0	4.0	4.0	2.0	2.0	2.0	7.0	15.0	2.0	4.0	5.0	5.0	16.0	1.0	7.0	0.0	7.0	6.0	17.0	1.0	3.0	3.0	6.0	10.0	3.0	0.0	4.0	1.0	2.0	3.0	8.0	1.0	8.0	0.0	4.0	13.0	4.0	2.0	4.0	0.0	4.0
ENSG00000163050	5.0	20.0	28.0	1.0	4.0	9.0	5.0	3.0	3.0	11.0	14.0	3.0	2.0	18.0	20.0	8.0	2.0	16.0	30.0	5.0	7.0	19.0	1.0	8.0	3.0	6.0	13.0	2.0	0.0	14.0	37.0	3.0	11.0	21.0	38.0	9.0	8.0	43.0	6.0	12.0	5.0	24.0	13.0	5.0	0.0	8.0	23.0	2.0	0.0	10.0	1.0	4.0	5.0	17.0	0.0	4.0	0.0	7.0	2.0	2.0	0.0	32.0	8.0	8.0
ENSG00000163110	11.0	9.0	18.0	10.0	9.0	6.0	0.0	18.0	10.0	10.0	2.0	7.0	4.0	8.0	8.0	7.0	10.0	6.0	15.0	9.0	13.0	8.0	3.0	8.0	3.0	2.0	4.0	1.0	2.0	3.0	12.0	3.0	15.0	8.0	16.0	9.0	11.0	13.0	1.0	13.0	16.0	10.0	4.0	9.0	8.0	4.0	10.0	7.0	0.0	5.0	0.0	6.0	7.0	8.0	1.0	12.0	1.0	8.0	6.0	13.0	2.0	9.0	7.0	10.0
ENSG00000154723	5.0	1.0	5.0	3.0	3.0	1.0	0.0	0.0	1.0	0.0	4.0	1.0	1.0	1.0	3.0	4.0	2.0	0.0	5.0	1.0	0.0	3.0	0.0	2.0	1.0	0.0	2.0	0.0	0.0	3.0	1.0	3.0	5.0	2.0	4.0	3.0	3.0	2.0	0.0	1.0	2.0	0.0	0.0	2.0	0.0	4.0	2.0	2.0	0.0	1.0	0.0	1.0	3.0	1.0	0.0	3.0	1.0	0.0	0.0	0.0	0.0	3.0	1.0	7.0
ENSG00000171033	2.0	2.0	1.0	2.0	4.0	0.0	0.0	2.0	3.0	2.0	0.0	3.0	1.0	2.0	1.0	1.0	2.0	0.0	1.0	1.0	0.0	0.0	0.0	0.0	1.0	0.0	0.0	0.0	0.0	0.0	1.0	1.0	9.0	0.0	0.0	5.0	7.0	2.0	0.0	1.0	2.0	1.0	1.0	3.0	0.0	0.0	1.0	1.0	1.0	0.0	0.0	1.0	1.0	1.0	0.0	3.0	0.0	0.0	0.0	0.0	2.0	0.0	1.0	1.0
ENSG00000189058	3.0	8.0	8.0	8.0	4.0	4.0	1.0	2.0	3.0	0.0	0.0	0.0	0.0	9.0	5.0	2.0	3.0	1.0	4.0	1.0	4.0	2.0	2.0	4.0	0.0	1.0	0.0	0.0	2.0	6.0	8.0	3.0	6.0	4.0	7.0	3.0	5.0	5.0	1.0	3.0	5.0	1.0	1.0	2.0	0.0	2.0	9.0	2.0	1.0	3.0	0.0	4.0	1.0	3.0	2.0	2.0	0.0	4.0	4.0	1.0	1.0	1.0	2.0	7.0
ENSG00000131174	3.0	1.0	1.0	3.0	5.0	1.0	0.0	1.0	1.0	3.0	2.0	1.0	1.0	0.0	2.0	2.0	3.0	1.0	4.0	1.0	1.0	1.0	0.0	2.0	1.0	0.0	0.0	2.0	1.0	1.0	1.0	0.0	2.0	1.0	0.0	1.0	3.0	1.0	0.0	2.0	2.0	1.0	0.0	1.0	2.0	2.0	0.0	4.0	1.0	1.0	0.0	1.0	0.0	1.0	0.0	0.0	0.0	0.0	3.0	1.0	1.0	1.0	1.0	2.0
ENSG00000167863	7.0	2.0	10.0	5.0	0.0	5.0	0.0	0.0	0.0	0.0	2.0	1.0	1.0	2.0	4.0	6.0	2.0	1.0	2.0	0.0	5.0	2.0	0.0	2.0	1.0	0.0	0.0	0.0	1.0	2.0	1.0	1.0	3.0	5.0	10.0	2.0	1.0	4.0	0.0	11.0	0.0	1.0	1.0	0.0	2.0	0.0	4.0	0.0	1.0	2.0	0.0	3.0	1.0	3.0	0.0	2.0	0.0	0.0	5.0	1.0	4.0	1.0	3.0	3.0
ENSG00000186010	1.0	3.0	5.0	0.0	2.0	5.0	1.0	0.0	0.0	3.0	2.0	0.0	2.0	7.0	7.0	1.0	1.0	3.0	3.0	1.0	1.0	4.0	3.0	1.0	1.0	5.0	3.0	2.0	1.0	1.0	8.0	1.0	1.0	6.0	11.0	0.0	1.0	3.0	3.0	2.0	2.0	3.0	7.0	0.0	0.0	0.0	5.0	0.0	0.0	5.0	1.0	1.0	1.0	0.0	1.0	1.0	0.0	0.0	5.0	0.0	1.0	3.0	4.0	0.0
ENSG00000241837	8.0	0.0	10.0	7.0	4.0	6.0	0.0	3.0	2.0	3.0	3.0	3.0	0.0	4.0	6.0	6.0	5.0	0.0	4.0	1.0	2.0	3.0	1.0	4.0	2.0	3.0	2.0	1.0	2.0	4.0	4.0	3.0	7.0	2.0	7.0	1.0	5.0	5.0	0.0	8.0	3.0	3.0	1.0	4.0	5.0	6.0	9.0	4.0	1.0	1.0	0.0	4.0	2.0	3.0	0.0	10.0	0.0	2.0	0.0	0.0	3.0	3.0	7.0	2.0
ENSG00000113558	7.0	2.0	8.0	5.0	4.0	3.0	0.0	4.0	0.0	1.0	0.0	1.0	2.0	4.0	4.0	6.0	3.0	2.0	4.0	0.0	2.0	0.0	0.0	8.0	1.0	1.0	0.0	0.0	1.0	1.0	2.0	3.0	10.0	6.0	6.0	13.0	3.0	3.0	0.0	1.0	4.0	0.0	1.0	2.0	1.0	1.0	3.0	6.0	0.0	1.0	0.0	0.0	1.0	0.0	0.0	2.0	1.0	2.0	2.0	1.0	2.0	2.0	4.0	4.0
ENSG00000213585	12.0	10.0	13.0	9.0	8.0	9.0	4.0	9.0	1.0	3.0	1.0	2.0	3.0	2.0	3.0	6.0	1.0	3.0	7.0	0.0	2.0	1.0	0.0	3.0	1.0	1.0	2.0	1.0	4.0	0.0	12.0	7.0	5.0	6.0	10.0	8.0	6.0	7.0	0.0	8.0	7.0	15.0	4.0	6.0	0.0	3.0	8.0	1.0	1.0	8.0	0.0	3.0	5.0	5.0	1.0	2.0	0.0	2.0	4.0	0.0	2.0	7.0	3.0	7.0
ENSG00000114942	12.0	2.0	10.0	1.0	4.0	0.0	0.0	2.0	1.0	5.0	2.0	3.0	1.0	5.0	4.0	3.0	4.0	1.0	4.0	1.0	4.0	0.0	1.0	5.0	0.0	0.0	0.0	2.0	4.0	3.0	4.0	3.0	11.0	8.0	9.0	17.0	6.0	8.0	2.0	5.0	8.0	4.0	1.0	2.0	2.0	2.0	10.0	4.0	1.0	4.0	0.0	5.0	3.0	3.0	0.0	4.0	0.0	1.0	3.0	2.0	3.0	2.0	2.0	3.0
ENSG00000163092	43.0	21.0	46.0	39.0	17.0	9.0	1.0	15.0	15.0	16.0	16.0	26.0	6.0	8.0	23.0	20.0	21.0	8.0	28.0	18.0	15.0	6.0	2.0	26.0	2.0	5.0	4.0	2.0	7.0	8.0	14.0	12.0	68.0	17.0	34.0	31.0	17.0	5.0	3.0	20.0	18.0	7.0	6.0	12.0	9.0	5.0	19.0	13.0	1.0	6.0	0.0	13.0	13.0	13.0	5.0	19.0	0.0	11.0	6.0	10.0	14.0	7.0	12.0	26.0
ENSG00000164405	2.0	0.0	2.0	4.0	1.0	0.0	1.0	2.0	1.0	2.0	1.0	0.0	0.0	3.0	2.0	1.0	0.0	1.0	2.0	1.0	1.0	1.0	3.0	0.0	0.0	5.0	3.0	0.0	0.0	0.0	2.0	1.0	2.0	1.0	5.0	0.0	0.0	2.0	0.0	1.0	1.0	1.0	2.0	0.0	1.0	1.0	4.0	1.0	0.0	2.0	0.0	3.0	1.0	1.0	0.0	1.0	1.0	0.0	1.0	0.0	0.0	4.0	1.0	4.0
ENSG00000173915	5.0	2.0	1.0	0.0	3.0	0.0	0.0	3.0	1.0	1.0	1.0	1.0	0.0	0.0	2.0	3.0	1.0	0.0	1.0	0.0	2.0	0.0	0.0	0.0	0.0	0.0	0.0	0.0	0.0	1.0	1.0	0.0	1.0	0.0	0.0	1.0	3.0	1.0	1.0	1.0	1.0	0.0	0.0	3.0	1.0	1.0	1.0	0.0	1.0	1.0	0.0	4.0	0.0	1.0	0.0	1.0	0.0	0.0	0.0	1.0	2.0	3.0	1.0	0.0
ENSG00000170296	5.0	1.0	7.0	1.0	2.0	1.0	0.0	0.0	0.0	0.0	0.0	3.0	2.0	2.0	2.0	3.0	0.0	1.0	3.0	3.0	1.0	2.0	3.0	1.0	3.0	2.0	3.0	0.0	0.0	3.0	4.0	0.0	6.0	5.0	5.0	2.0	0.0	3.0	0.0	3.0	1.0	1.0	0.0	3.0	1.0	3.0	4.0	1.0	0.0	8.0	0.0	0.0	0.0	0.0	0.0	2.0	1.0	0.0	0.0	0.0	0.0	6.0	2.0	3.0
ENSG00000115310	51.0	11.0	29.0	25.0	26.0	5.0	3.0	24.0	5.0	12.0	6.0	25.0	22.0	11.0	15.0	20.0	15.0	3.0	12.0	8.0	23.0	8.0	2.0	28.0	1.0	2.0	1.0	1.0	7.0	14.0	13.0	18.0	78.0	14.0	38.0	46.0	31.0	12.0	0.0	33.0	12.0	2.0	2.0	12.0	13.0	6.0	20.0	31.0	0.0	6.0	0.0	17.0	39.0	4.0	2.0	33.0	1.0	3.0	3.0	4.0	18.0	13.0	27.0	21.0
ENSG00000029534	25.0	61.0	65.0	26.0	28.0	54.0	23.0	8.0	10.0	35.0	26.0	17.0	9.0	48.0	35.0	17.0	18.0	56.0	74.0	14.0	17.0	40.0	21.0	18.0	12.0	21.0	26.0	8.0	11.0	35.0	118.0	19.0	43.0	64.0	101.0	34.0	35.0	88.0	15.0	28.0	28.0	44.0	37.0	18.0	9.0	39.0	84.0	10.0	0.0	23.0	0.0	8.0	18.0	31.0	10.0	20.0	1.0	12.0	13.0	9.0	4.0	24.0	20.0	16.0
ENSG00000172403	33.0	14.0	41.0	21.0	22.0	15.0	9.0	12.0	20.0	18.0	17.0	18.0	8.0	16.0	20.0	10.0	24.0	7.0	36.0	7.0	38.0	28.0	9.0	43.0	10.0	2.0	7.0	1.0	3.0	21.0	13.0	10.0	40.0	23.0	37.0	21.0	31.0	30.0	5.0	29.0	23.0	21.0	16.0	12.0	10.0	17.0	33.0	15.0	1.0	14.0	0.0	6.0	25.0	30.0	10.0	28.0	0.0	5.0	7.0	6.0	6.0	14.0	12.0	14.0
ENSG00000179262	5.0	12.0	10.0	1.0	2.0	6.0	12.0	0.0	2.0	8.0	2.0	2.0	3.0	12.0	10.0	2.0	1.0	3.0	27.0	1.0	6.0	13.0	5.0	8.0	3.0	2.0	4.0	1.0	2.0	5.0	15.0	1.0	7.0	8.0	35.0	5.0	2.0	22.0	4.0	5.0	4.0	9.0	4.0	4.0	1.0	7.0	13.0	1.0	0.0	2.0	0.0	6.0	7.0	7.0	1.0	6.0	1.0	0.0	0.0	1.0	1.0	9.0	3.0	2.0
ENSG00000165887	8.0	4.0	16.0	4.0	3.0	7.0	3.0	3.0	0.0	2.0	3.0	2.0	0.0	9.0	9.0	1.0	2.0	6.0	14.0	7.0	2.0	5.0	3.0	6.0	3.0	6.0	8.0	1.0	1.0	6.0	26.0	2.0	3.0	15.0	29.0	9.0	9.0	14.0	5.0	10.0	3.0	6.0	14.0	1.0	0.0	1.0	15.0	1.0	0.0	1.0	0.0	1.0	1.0	3.0	1.0	0.0	1.0	3.0	4.0	0.0	1.0	4.0	1.0	0.0
ENSG00000168653	4.0	1.0	7.0	0.0	1.0	2.0	1.0	1.0	1.0	0.0	2.0	1.0	4.0	4.0	3.0	1.0	0.0	2.0	5.0	2.0	1.0	2.0	0.0	4.0	2.0	0.0	4.0	1.0	0.0	0.0	1.0	2.0	6.0	1.0	4.0	4.0	3.0	0.0	0.0	2.0	2.0	2.0	1.0	4.0	1.0	0.0	0.0	0.0	0.0	2.0	0.0	2.0	0.0	0.0	0.0	0.0	1.0	2.0	2.0	2.0	0.0	3.0	3.0	1.0
ENSG00000138029	21.0	4.0	14.0	11.0	7.0	9.0	3.0	10.0	7.0	2.0	4.0	3.0	3.0	9.0	19.0	5.0	2.0	5.0	12.0	4.0	9.0	5.0	1.0	10.0	4.0	2.0	3.0	2.0	6.0	4.0	12.0	6.0	12.0	3.0	8.0	19.0	16.0	15.0	4.0	22.0	11.0	12.0	1.0	11.0	3.0	5.0	12.0	11.0	1.0	3.0	0.0	9.0	4.0	7.0	1.0	18.0	0.0	1.0	3.0	4.0	6.0	8.0	14.0	13.0
ENSG00000168333	3.0	2.0	1.0	2.0	0.0	1.0	0.0	2.0	2.0	1.0	0.0	3.0	2.0	0.0	2.0	1.0	1.0	0.0	2.0	1.0	1.0	0.0	0.0	3.0	1.0	0.0	0.0	0.0	1.0	0.0	1.0	2.0	3.0	2.0	0.0	3.0	2.0	1.0	0.0	1.0	0.0	1.0	1.0	1.0	1.0	0.0	3.0	3.0	0.0	0.0	0.0	2.0	2.0	4.0	1.0	6.0	1.0	1.0	2.0	0.0	1.0	2.0	1.0	2.0
ENSG00000134333	7.0	1.0	17.0	6.0	4.0	3.0	0.0	5.0	1.0	3.0	2.0	8.0	3.0	7.0	9.0	7.0	3.0	4.0	6.0	3.0	4.0	2.0	0.0	2.0	1.0	0.0	1.0	3.0	3.0	3.0	7.0	11.0	8.0	3.0	8.0	14.0	5.0	4.0	0.0	6.0	9.0	4.0	6.0	5.0	2.0	5.0	8.0	12.0	1.0	4.0	0.0	2.0	2.0	3.0	0.0	4.0	0.0	2.0	6.0	2.0	3.0	3.0	6.0	2.0
ENSG00000065518	3.0	4.0	2.0	3.0	1.0	3.0	0.0	3.0	4.0	1.0	1.0	1.0	3.0	3.0	2.0	3.0	1.0	0.0	3.0	0.0	2.0	3.0	2.0	4.0	2.0	2.0	3.0	1.0	0.0	4.0	5.0	2.0	3.0	1.0	5.0	1.0	1.0	6.0	1.0	1.0	2.0	0.0	2.0	0.0	2.0	1.0	0.0	0.0	0.0	3.0	0.0	5.0	1.0	0.0	2.0	1.0	1.0	0.0	1.0	2.0	1.0	3.0	2.0	2.0
ENSG00000170807	25.0	18.0	20.0	15.0	13.0	10.0	8.0	5.0	10.0	11.0	11.0	12.0	6.0	8.0	12.0	14.0	12.0	5.0	14.0	4.0	12.0	9.0	0.0	26.0	3.0	2.0	3.0	3.0	4.0	13.0	17.0	4.0	28.0	15.0	41.0	4.0	8.0	13.0	0.0	5.0	13.0	3.0	7.0	0.0	3.0	9.0	11.0	3.0	1.0	4.0	0.0	4.0	6.0	9.0	0.0	10.0	0.0	0.0	3.0	2.0	1.0	4.0	7.0	5.0
ENSG00000173660	3.0	2.0	2.0	0.0	3.0	1.0	1.0	0.0	1.0	0.0	1.0	0.0	0.0	0.0	2.0	0.0	2.0	1.0	1.0	3.0	0.0	1.0	0.0	1.0	1.0	0.0	2.0	1.0	2.0	3.0	1.0	1.0	5.0	3.0	17.0	4.0	0.0	2.0	1.0	0.0	2.0	0.0	0.0	0.0	2.0	0.0	3.0	0.0	1.0	0.0	0.0	0.0	1.0	2.0	0.0	1.0	0.0	3.0	0.0	2.0	1.0	1.0	3.0	2.0
ENSG00000166710	2.0	1.0	6.0	4.0	0.0	1.0	0.0	4.0	1.0	1.0	0.0	0.0	1.0	1.0	2.0	3.0	0.0	0.0	3.0	4.0	3.0	2.0	0.0	0.0	1.0	1.0	0.0	3.0	1.0	3.0	3.0	1.0	4.0	5.0	5.0	2.0	1.0	2.0	1.0	2.0	2.0	1.0	1.0	0.0	0.0	0.0	6.0	3.0	1.0	3.0	0.0	3.0	4.0	2.0	0.0	6.0	0.0	2.0	2.0	0.0	2.0	4.0	3.0	1.0
ENSG00000155657	1855.0	427.0	1088.0	684.0	937.0	606.0	90.0	913.0	706.0	416.0	262.0	537.0	425.0	623.0	398.0	1014.0	464.0	211.0	478.0	267.0	1107.0	332.0	83.0	995.0	195.0	139.0	120.0	218.0	255.0	301.0	482.0	522.0	2209.0	608.0	984.0	1112.0	669.0	508.0	53.0	854.0	750.0	498.0	250.0	568.0	590.0	645.0	906.0	1043.0	1.0	398.0	0.0	601.0	517.0	326.0	39.0	628.0	0.0	231.0	466.0	282.0	298.0	431.0	259.0	477.0
ENSG00000135404	4.0	8.0	9.0	5.0	1.0	2.0	1.0	2.0	2.0	0.0	2.0	3.0	1.0	10.0	9.0	7.0	0.0	1.0	6.0	1.0	1.0	1.0	1.0	2.0	1.0	0.0	1.0	0.0	0.0	4.0	10.0	4.0	1.0	2.0	10.0	3.0	7.0	9.0	2.0	8.0	5.0	7.0	6.0	2.0	1.0	8.0	18.0	2.0	0.0	4.0	1.0	2.0	1.0	2.0	2.0	2.0	0.0	9.0	2.0	6.0	0.0	5.0	4.0	9.0
ENSG00000104529	4.0	13.0	34.0	3.0	5.0	7.0	2.0	1.0	6.0	17.0	8.0	4.0	0.0	12.0	6.0	4.0	2.0	12.0	35.0	3.0	8.0	21.0	2.0	11.0	3.0	12.0	19.0	3.0	3.0	8.0	40.0	1.0	7.0	30.0	48.0	13.0	13.0	52.0	6.0	9.0	3.0	22.0	15.0	6.0	2.0	8.0	25.0	1.0	0.0	9.0	0.0	3.0	2.0	16.0	2.0	6.0	1.0	5.0	13.0	3.0	1.0	11.0	4.0	3.0
ENSG00000078668	12.0	11.0	15.0	8.0	9.0	8.0	1.0	8.0	1.0	1.0	0.0	7.0	4.0	4.0	5.0	3.0	0.0	2.0	6.0	2.0	3.0	0.0	1.0	0.0	1.0	0.0	1.0	1.0	3.0	1.0	9.0	5.0	9.0	5.0	2.0	9.0	2.0	5.0	1.0	14.0	11.0	9.0	7.0	5.0	2.0	4.0	4.0	3.0	1.0	5.0	0.0	7.0	3.0	3.0	0.0	8.0	0.0	0.0	5.0	6.0	2.0	6.0	6.0	9.0
Total	3921.0	2158.0	4877.0	1835.0	1840.0	2223.0	548.0	1830.0	1288.0	1566.0	972.0	1265.0	764.0	2760.0	2247.0	2223.0	1166.0	1281.0	3121.0	874.0	2041.0	1658.0	490.0	2086.0	581.0	1104.0	952.0	640.0	587.0	1536.0	3595.0	1160.0	4415.0	2992.0	5071.0	3011.0	1859.0	3131.0	548.0	2446.0	1723.0	2263.0	1318.0	1435.0	974.0	1800.0	3351.0	1773.0	59.0	1761.0	35.0	1499.0	1098.0	1452.0	331.0	1482.0	67.0	917.0	1248.0	722.0	562.0	1914.0	1030.0	1447.0
NormTot	0.4457	0.5404	0.5543	0.4596	0.2857	0.3451	0.0851	0.2841	0.2326	0.2177	0.1755	0.1758	0.1329	0.4803	1.0	0.3868	0.272	0.5944	0.728	0.4056	0.3253	0.2642	0.0781	0.3324	0.1049	0.1994	0.1719	0.1156	0.0693	0.1813	0.4244	0.137	0.4654	0.4984	0.5346	0.5016	0.2328	0.3922	0.0686	0.3064	0.2557	0.3358	0.1956	0.2129	0.1233	0.2279	0.4243	0.2245	0.3665	0.5402	0.2174	0.4598	0.1526	0.2018	0.046	0.206	0.4161	0.5595	1.0	0.4405	0.0664	0.5695	0.1216	0.4305
